統計名：,人口推計,,,,,,,
統計表番号：,第１表,,,,,,,
表題：,年齢 (５歳階級) ，男女別人口 ,,,,,,,
時間軸コード,人口区分,時点,年齢階級,区分,単位,男女計,男,女
2020001010,総人口,2020年10月1日現在(確定値）,総数,人口,千人,126146,61350,64797
2020001010,総人口,2020年10月1日現在(確定値）,0歳～4歳,人口,千人,4541,2325,2217
2020001010,総人口,2020年10月1日現在(確定値）,5歳～9歳,人口,千人,5114,2620,2494
2020001010,総人口,2020年10月1日現在(確定値）,10歳～14歳,人口,千人,5376,2756,2620
2020001010,総人口,2020年10月1日現在(確定値）,15歳～19歳,人口,千人,5706,2928,2779
2020001010,総人口,2020年10月1日現在(確定値）,20歳～24歳,人口,千人,6320,3234,3086
2020001010,総人口,2020年10月1日現在(確定値）,25歳～29歳,人口,千人,6384,3279,3105
2020001010,総人口,2020年10月1日現在(確定値）,30歳～34歳,人口,千人,6714,3431,3283
2020001010,総人口,2020年10月1日現在(確定値）,35歳～39歳,人口,千人,7498,3806,3692
2020001010,総人口,2020年10月1日現在(確定値）,40歳～44歳,人口,千人,8476,4299,4178
2020001010,総人口,2020年10月1日現在(確定値）,45歳～49歳,人口,千人,9868,4994,4875
2020001010,総人口,2020年10月1日現在(確定値）,50歳～54歳,人口,千人,8738,4394,4344
2020001010,総人口,2020年10月1日現在(確定値）,55歳～59歳,人口,千人,7940,3967,3973
2020001010,総人口,2020年10月1日現在(確定値）,60歳～64歳,人口,千人,7442,3677,3766
2020001010,総人口,2020年10月1日現在(確定値）,65歳～69歳,人口,千人,8236,3999,4237
2020001010,総人口,2020年10月1日現在(確定値）,70歳～74歳,人口,千人,9189,4337,4852
2020001010,総人口,2020年10月1日現在(確定値）,75歳～79歳,人口,千人,7065,3146,3918
2020001010,総人口,2020年10月1日現在(確定値）,80歳～84歳,人口,千人,5404,2232,3172
2020001010,総人口,2020年10月1日現在(確定値）,85歳～89歳,人口,千人,3742,1324,2418
2020001010,総人口,2020年10月1日現在(確定値）,90歳～94歳,人口,千人,1811,499,1312
2020001010,総人口,2020年10月1日現在(確定値）,95歳～99歳,人口,千人,500,93,407
2020001010,総人口,2020年10月1日現在(確定値）,100歳以上,人口,千人,80,10,71
2020001010,総人口,2020年10月1日現在(確定値）,15歳未満,人口,千人,15032,7700,7332
2020001010,総人口,2020年10月1日現在(確定値）,15歳～64歳,人口,千人,75088,38009,37079
2020001010,総人口,2020年10月1日現在(確定値）,65歳以上,人口,千人,36027,15641,20386
2020001010,総人口,2020年10月1日現在(確定値）,うち75歳以上,人口,千人,18602,7305,11297
2020001010,総人口,2020年10月1日現在(確定値）,うち85歳以上,人口,千人,6133,1927,4207
2020001010,総人口,2020年10月1日現在(確定値）,15歳未満,割合,％,11.9,12.6,11.3
2020001010,総人口,2020年10月1日現在(確定値）,15歳～64歳,割合,％,59.5,62.0,57.2
2020001010,総人口,2020年10月1日現在(確定値）,65歳以上,割合,％,28.6,25.5,31.5
2020001010,総人口,2020年10月1日現在(確定値）,うち75歳以上,割合,％,14.7,11.9,17.4
2020001010,総人口,2020年10月1日現在(確定値）,うち85歳以上,割合,％,4.9,3.1,6.5
2020001010,日本人人口,2020年10月1日現在(確定値）,総数,人口,千人,123399,60003,63396
2020001010,日本人人口,2020年10月1日現在(確定値）,0歳～4歳,人口,千人,4458,2282,2177
2020001010,日本人人口,2020年10月1日現在(確定値）,5歳～9歳,人口,千人,5037,2580,2457
2020001010,日本人人口,2020年10月1日現在(確定値）,10歳～14歳,人口,千人,5315,2724,2591
2020001010,日本人人口,2020年10月1日現在(確定値）,15歳～19歳,人口,千人,5619,2883,2736
2020001010,日本人人口,2020年10月1日現在(確定値）,20歳～24歳,人口,千人,5916,3016,2900
2020001010,日本人人口,2020年10月1日現在(確定値）,25歳～29歳,人口,千人,5951,3038,2914
2020001010,日本人人口,2020年10月1日現在(確定値）,30歳～34歳,人口,千人,6363,3245,3119
2020001010,日本人人口,2020年10月1日現在(確定値）,35歳～39歳,人口,千人,7229,3676,3552
2020001010,日本人人口,2020年10月1日現在(確定値）,40歳～44歳,人口,千人,8260,4203,4057
2020001010,日本人人口,2020年10月1日現在(確定値）,45歳～49歳,人口,千人,9679,4915,4764
2020001010,日本人人口,2020年10月1日現在(確定値）,50歳～54歳,人口,千人,8569,4328,4241
2020001010,日本人人口,2020年10月1日現在(確定値）,55歳～59歳,人口,千人,7809,3913,3896
2020001010,日本人人口,2020年10月1日現在(確定値）,60歳～64歳,人口,千人,7353,3639,3714
2020001010,日本人人口,2020年10月1日現在(確定値）,65歳～69歳,人口,千人,8170,3970,4200
2020001010,日本人人口,2020年10月1日現在(確定値）,70歳～74歳,人口,千人,9140,4314,4826
2020001010,日本人人口,2020年10月1日現在(確定値）,75歳～79歳,人口,千人,7031,3132,3899
2020001010,日本人人口,2020年10月1日現在(確定値）,80歳～84歳,人口,千人,5382,2223,3159
2020001010,日本人人口,2020年10月1日現在(確定値）,85歳～89歳,人口,千人,3731,1321,2410
2020001010,日本人人口,2020年10月1日現在(確定値）,90歳～94歳,人口,千人,1806,498,1309
2020001010,日本人人口,2020年10月1日現在(確定値）,95歳～99歳,人口,千人,499,93,406
2020001010,日本人人口,2020年10月1日現在(確定値）,100歳以上,人口,千人,80,10,70
2020001010,日本人人口,2020年10月1日現在(確定値）,15歳未満,人口,千人,14810,7586,7225
2020001010,日本人人口,2020年10月1日現在(確定値）,15歳～64歳,人口,千人,72749,36857,35892
2020001010,日本人人口,2020年10月1日現在(確定値）,65歳以上,人口,千人,35840,15560,20279
2020001010,日本人人口,2020年10月1日現在(確定値）,うち75歳以上,人口,千人,18530,7277,11253
2020001010,日本人人口,2020年10月1日現在(確定値）,うち85歳以上,人口,千人,6117,1922,4195
2020001010,日本人人口,2020年10月1日現在(確定値）,15歳未満,割合,％,12.0,12.6,11.4
2020001010,日本人人口,2020年10月1日現在(確定値）,15歳～64歳,割合,％,59.0,61.4,56.6
2020001010,日本人人口,2020年10月1日現在(確定値）,65歳以上,割合,％,29.0,25.9,32.0
2020001010,日本人人口,2020年10月1日現在(確定値）,うち75歳以上,割合,％,15.0,12.1,17.8
2020001010,日本人人口,2020年10月1日現在(確定値）,うち85歳以上,割合,％,5.0,3.2,6.6
2020001111,総人口,2020年11月1日現在(確定値）,総数,人口,千人,126106,61328,64779
2020001111,総人口,2020年11月1日現在(確定値）,0歳～4歳,人口,千人,4530,2319,2212
2020001111,総人口,2020年11月1日現在(確定値）,5歳～9歳,人口,千人,5108,2616,2491
2020001111,総人口,2020年11月1日現在(確定値）,10歳～14歳,人口,千人,5377,2756,2620
2020001111,総人口,2020年11月1日現在(確定値）,15歳～19歳,人口,千人,5695,2922,2773
2020001111,総人口,2020年11月1日現在(確定値）,20歳～24歳,人口,千人,6323,3236,3088
2020001111,総人口,2020年11月1日現在(確定値）,25歳～29歳,人口,千人,6381,3277,3104
2020001111,総人口,2020年11月1日現在(確定値）,30歳～34歳,人口,千人,6696,3422,3274
2020001111,総人口,2020年11月1日現在(確定値）,35歳～39歳,人口,千人,7488,3801,3687
2020001111,総人口,2020年11月1日現在(確定値）,40歳～44歳,人口,千人,8456,4288,4168
2020001111,総人口,2020年11月1日現在(確定値）,45歳～49歳,人口,千人,9869,4994,4875
2020001111,総人口,2020年11月1日現在(確定値）,50歳～54歳,人口,千人,8732,4392,4340
2020001111,総人口,2020年11月1日現在(確定値）,55歳～59歳,人口,千人,7974,3984,3990
2020001111,総人口,2020年11月1日現在(確定値）,60歳～64歳,人口,千人,7434,3673,3761
2020001111,総人口,2020年11月1日現在(確定値）,65歳～69歳,人口,千人,8200,3982,4218
2020001111,総人口,2020年11月1日現在(確定値）,70歳～74歳,人口,千人,9235,4359,4876
2020001111,総人口,2020年11月1日現在(確定値）,75歳～79歳,人口,千人,7039,3134,3905
2020001111,総人口,2020年11月1日現在(確定値）,80歳～84歳,人口,千人,5408,2234,3173
2020001111,総人口,2020年11月1日現在(確定値）,85歳～89歳,人口,千人,3758,1332,2426
2020001111,総人口,2020年11月1日現在(確定値）,90歳～94歳,人口,千人,1818,502,1316
2020001111,総人口,2020年11月1日現在(確定値）,95歳～99歳,人口,千人,505,95,410
2020001111,総人口,2020年11月1日現在(確定値）,100歳以上,人口,千人,81,10,71
2020001111,総人口,2020年11月1日現在(確定値）,15歳未満,人口,千人,15015,7691,7323
2020001111,総人口,2020年11月1日現在(確定値）,15歳～64歳,人口,千人,75049,37988,37061
2020001111,総人口,2020年11月1日現在(確定値）,65歳以上,人口,千人,36043,15648,20395
2020001111,総人口,2020年11月1日現在(確定値）,うち75歳以上,人口,千人,18608,7307,11301
2020001111,総人口,2020年11月1日現在(確定値）,うち85歳以上,人口,千人,6161,1939,4223
2020001111,総人口,2020年11月1日現在(確定値）,15歳未満,割合,％,11.9,12.5,11.3
2020001111,総人口,2020年11月1日現在(確定値）,15歳～64歳,割合,％,59.5,61.9,57.2
2020001111,総人口,2020年11月1日現在(確定値）,65歳以上,割合,％,28.6,25.5,31.5
2020001111,総人口,2020年11月1日現在(確定値）,うち75歳以上,割合,％,14.8,11.9,17.4
2020001111,総人口,2020年11月1日現在(確定値）,うち85歳以上,割合,％,4.9,3.2,6.5
2020001111,日本人人口,2020年11月1日現在(確定値）,総数,人口,千人,123353,59978,63375
2020001111,日本人人口,2020年11月1日現在(確定値）,0歳～4歳,人口,千人,4446,2275,2171
2020001111,日本人人口,2020年11月1日現在(確定値）,5歳～9歳,人口,千人,5031,2576,2454
2020001111,日本人人口,2020年11月1日現在(確定値）,10歳～14歳,人口,千人,5315,2725,2591
2020001111,日本人人口,2020年11月1日現在(確定値）,15歳～19歳,人口,千人,5607,2877,2730
2020001111,日本人人口,2020年11月1日現在(確定値）,20歳～24歳,人口,千人,5921,3019,2902
2020001111,日本人人口,2020年11月1日現在(確定値）,25歳～29歳,人口,千人,5947,3035,2912
2020001111,日本人人口,2020年11月1日現在(確定値）,30歳～34歳,人口,千人,6345,3235,3110
2020001111,日本人人口,2020年11月1日現在(確定値）,35歳～39歳,人口,千人,7218,3671,3547
2020001111,日本人人口,2020年11月1日現在(確定値）,40歳～44歳,人口,千人,8239,4192,4046
2020001111,日本人人口,2020年11月1日現在(確定値）,45歳～49歳,人口,千人,9680,4915,4765
2020001111,日本人人口,2020年11月1日現在(確定値）,50歳～54歳,人口,千人,8563,4325,4238
2020001111,日本人人口,2020年11月1日現在(確定値）,55歳～59歳,人口,千人,7842,3930,3912
2020001111,日本人人口,2020年11月1日現在(確定値）,60歳～64歳,人口,千人,7344,3635,3709
2020001111,日本人人口,2020年11月1日現在(確定値）,65歳～69歳,人口,千人,8133,3952,4181
2020001111,日本人人口,2020年11月1日現在(確定値）,70歳～74歳,人口,千人,9186,4336,4850
2020001111,日本人人口,2020年11月1日現在(確定値）,75歳～79歳,人口,千人,7005,3120,3886
2020001111,日本人人口,2020年11月1日現在(確定値）,80歳～84歳,人口,千人,5386,2226,3160
2020001111,日本人人口,2020年11月1日現在(確定値）,85歳～89歳,人口,千人,3746,1328,2419
2020001111,日本人人口,2020年11月1日現在(確定値）,90歳～94歳,人口,千人,1814,501,1313
2020001111,日本人人口,2020年11月1日現在(確定値）,95歳～99歳,人口,千人,503,95,409
2020001111,日本人人口,2020年11月1日現在(確定値）,100歳以上,人口,千人,81,10,71
2020001111,日本人人口,2020年11月1日現在(確定値）,15歳未満,人口,千人,14792,7577,7216
2020001111,日本人人口,2020年11月1日現在(確定値）,15歳～64歳,人口,千人,72706,36835,35871
2020001111,日本人人口,2020年11月1日現在(確定値）,65歳以上,人口,千人,35855,15567,20288
2020001111,日本人人口,2020年11月1日現在(確定値）,うち75歳以上,人口,千人,18536,7279,11257
2020001111,日本人人口,2020年11月1日現在(確定値）,うち85歳以上,人口,千人,6145,1933,4211
2020001111,日本人人口,2020年11月1日現在(確定値）,15歳未満,割合,％,12.0,12.6,11.4
2020001111,日本人人口,2020年11月1日現在(確定値）,15歳～64歳,割合,％,58.9,61.4,56.6
2020001111,日本人人口,2020年11月1日現在(確定値）,65歳以上,割合,％,29.1,26.0,32.0
2020001111,日本人人口,2020年11月1日現在(確定値）,うち75歳以上,割合,％,15.0,12.1,17.8
2020001111,日本人人口,2020年11月1日現在(確定値）,うち85歳以上,割合,％,5.0,3.2,6.6
2020001212,総人口,2020年12月1日現在(確定値）,総数,人口,千人,126088,61318,64770
2020001212,総人口,2020年12月1日現在(確定値）,0歳～4歳,人口,千人,4518,2313,2206
2020001212,総人口,2020年12月1日現在(確定値）,5歳～9歳,人口,千人,5100,2612,2488
2020001212,総人口,2020年12月1日現在(確定値）,10歳～14歳,人口,千人,5382,2759,2622
2020001212,総人口,2020年12月1日現在(確定値）,15歳～19歳,人口,千人,5690,2920,2771
2020001212,総人口,2020年12月1日現在(確定値）,20歳～24歳,人口,千人,6336,3243,3093
2020001212,総人口,2020年12月1日現在(確定値）,25歳～29歳,人口,千人,6384,3279,3105
2020001212,総人口,2020年12月1日現在(確定値）,30歳～34歳,人口,千人,6686,3417,3268
2020001212,総人口,2020年12月1日現在(確定値）,35歳～39歳,人口,千人,7481,3797,3684
2020001212,総人口,2020年12月1日現在(確定値）,40歳～44歳,人口,千人,8435,4277,4158
2020001212,総人口,2020年12月1日現在(確定値）,45歳～49歳,人口,千人,9863,4991,4872
2020001212,総人口,2020年12月1日現在(確定値）,50歳～54歳,人口,千人,8736,4394,4342
2020001212,総人口,2020年12月1日現在(確定値）,55歳～59歳,人口,千人,7996,3994,4001
2020001212,総人口,2020年12月1日現在(確定値）,60歳～64歳,人口,千人,7428,3669,3759
2020001212,総人口,2020年12月1日現在(確定値）,65歳～69歳,人口,千人,8162,3964,4198
2020001212,総人口,2020年12月1日現在(確定値）,70歳～74歳,人口,千人,9294,4387,4907
2020001212,総人口,2020年12月1日現在(確定値）,75歳～79歳,人口,千人,6995,3114,3881
2020001212,総人口,2020年12月1日現在(確定値）,80歳～84歳,人口,千人,5410,2236,3174
2020001212,総人口,2020年12月1日現在(確定値）,85歳～89歳,人口,千人,3776,1340,2435
2020001212,総人口,2020年12月1日現在(確定値）,90歳～94歳,人口,千人,1829,507,1323
2020001212,総人口,2020年12月1日現在(確定値）,95歳～99歳,人口,千人,508,96,412
2020001212,総人口,2020年12月1日現在(確定値）,100歳以上,人口,千人,82,10,72
2020001212,総人口,2020年12月1日現在(確定値）,15歳未満,人口,千人,15000,7684,7316
2020001212,総人口,2020年12月1日現在(確定値）,15歳～64歳,人口,千人,75034,37981,37053
2020001212,総人口,2020年12月1日現在(確定値）,65歳以上,人口,千人,36054,15653,20402
2020001212,総人口,2020年12月1日現在(確定値）,うち75歳以上,人口,千人,18599,7302,11296
2020001212,総人口,2020年12月1日現在(確定値）,うち85歳以上,人口,千人,6194,1953,4241
2020001212,総人口,2020年12月1日現在(確定値）,15歳未満,割合,％,11.9,12.5,11.3
2020001212,総人口,2020年12月1日現在(確定値）,15歳～64歳,割合,％,59.5,61.9,57.2
2020001212,総人口,2020年12月1日現在(確定値）,65歳以上,割合,％,28.6,25.5,31.5
2020001212,総人口,2020年12月1日現在(確定値）,うち75歳以上,割合,％,14.8,11.9,17.4
2020001212,総人口,2020年12月1日現在(確定値）,うち85歳以上,割合,％,4.9,3.2,6.5
2020001212,日本人人口,2020年12月1日現在(確定値）,総数,人口,千人,123304,59952,63352
2020001212,日本人人口,2020年12月1日現在(確定値）,0歳～4歳,人口,千人,4434,2269,2165
2020001212,日本人人口,2020年12月1日現在(確定値）,5歳～9歳,人口,千人,5022,2572,2450
2020001212,日本人人口,2020年12月1日現在(確定値）,10歳～14歳,人口,千人,5319,2727,2592
2020001212,日本人人口,2020年12月1日現在(確定値）,15歳～19歳,人口,千人,5595,2870,2724
2020001212,日本人人口,2020年12月1日現在(確定値）,20歳～24歳,人口,千人,5925,3021,2904
2020001212,日本人人口,2020年12月1日現在(確定値）,25歳～29歳,人口,千人,5945,3034,2911
2020001212,日本人人口,2020年12月1日現在(確定値）,30歳～34歳,人口,千人,6332,3228,3103
2020001212,日本人人口,2020年12月1日現在(確定値）,35歳～39歳,人口,千人,7209,3666,3543
2020001212,日本人人口,2020年12月1日現在(確定値）,40歳～44歳,人口,千人,8216,4181,4036
2020001212,日本人人口,2020年12月1日現在(確定値）,45歳～49歳,人口,千人,9673,4912,4761
2020001212,日本人人口,2020年12月1日現在(確定値）,50歳～54歳,人口,千人,8568,4328,4239
2020001212,日本人人口,2020年12月1日現在(確定値）,55歳～59歳,人口,千人,7862,3940,3922
2020001212,日本人人口,2020年12月1日現在(確定値）,60歳～64歳,人口,千人,7338,3632,3706
2020001212,日本人人口,2020年12月1日現在(確定値）,65歳～69歳,人口,千人,8095,3934,4161
2020001212,日本人人口,2020年12月1日現在(確定値）,70歳～74歳,人口,千人,9245,4363,4881
2020001212,日本人人口,2020年12月1日現在(確定値）,75歳～79歳,人口,千人,6961,3099,3862
2020001212,日本人人口,2020年12月1日現在(確定値）,80歳～84歳,人口,千人,5388,2228,3160
2020001212,日本人人口,2020年12月1日現在(確定値）,85歳～89歳,人口,千人,3764,1337,2428
2020001212,日本人人口,2020年12月1日現在(確定値）,90歳～94歳,人口,千人,1825,505,1320
2020001212,日本人人口,2020年12月1日現在(確定値）,95歳～99歳,人口,千人,506,96,411
2020001212,日本人人口,2020年12月1日現在(確定値）,100歳以上,人口,千人,82,10,71
2020001212,日本人人口,2020年12月1日現在(確定値）,15歳未満,人口,千人,14776,7568,7207
2020001212,日本人人口,2020年12月1日現在(確定値）,15歳～64歳,人口,千人,72663,36812,35850
2020001212,日本人人口,2020年12月1日現在(確定値）,65歳以上,人口,千人,35866,15572,20294
2020001212,日本人人口,2020年12月1日現在(確定値）,うち75歳以上,人口,千人,18527,7274,11252
2020001212,日本人人口,2020年12月1日現在(確定値）,うち85歳以上,人口,千人,6177,1948,4230
2020001212,日本人人口,2020年12月1日現在(確定値）,15歳未満,割合,％,12.0,12.6,11.4
2020001212,日本人人口,2020年12月1日現在(確定値）,15歳～64歳,割合,％,58.9,61.4,56.6
2020001212,日本人人口,2020年12月1日現在(確定値）,65歳以上,割合,％,29.1,26.0,32.0
2020001212,日本人人口,2020年12月1日現在(確定値）,うち75歳以上,割合,％,15.0,12.1,17.8
2020001212,日本人人口,2020年12月1日現在(確定値）,うち85歳以上,割合,％,5.0,3.2,6.7
2021000101,総人口,2021年1月1日現在(確定値）,総数,人口,千人,126068,61310,64758
2021000101,総人口,2021年1月1日現在(確定値）,0歳～4歳,人口,千人,4503,2305,2199
2021000101,総人口,2021年1月1日現在(確定値）,5歳～9歳,人口,千人,5095,2609,2486
2021000101,総人口,2021年1月1日現在(確定値）,10歳～14歳,人口,千人,5385,2761,2624
2021000101,総人口,2021年1月1日現在(確定値）,15歳～19歳,人口,千人,5684,2917,2768
2021000101,総人口,2021年1月1日現在(確定値）,20歳～24歳,人口,千人,6349,3250,3099
2021000101,総人口,2021年1月1日現在(確定値）,25歳～29歳,人口,千人,6390,3282,3108
2021000101,総人口,2021年1月1日現在(確定値）,30歳～34歳,人口,千人,6676,3412,3263
2021000101,総人口,2021年1月1日現在(確定値）,35歳～39歳,人口,千人,7475,3795,3680
2021000101,総人口,2021年1月1日現在(確定値）,40歳～44歳,人口,千人,8408,4264,4144
2021000101,総人口,2021年1月1日現在(確定値）,45歳～49歳,人口,千人,9853,4987,4867
2021000101,総人口,2021年1月1日現在(確定値）,50歳～54歳,人口,千人,8759,4408,4351
2021000101,総人口,2021年1月1日現在(確定値）,55歳～59歳,人口,千人,8015,4002,4013
2021000101,総人口,2021年1月1日現在(確定値）,60歳～64歳,人口,千人,7424,3668,3757
2021000101,総人口,2021年1月1日現在(確定値）,65歳～69歳,人口,千人,8125,3943,4181
2021000101,総人口,2021年1月1日現在(確定値）,70歳～74歳,人口,千人,9353,4416,4936
2021000101,総人口,2021年1月1日現在(確定値）,75歳～79歳,人口,千人,6963,3098,3865
2021000101,総人口,2021年1月1日現在(確定値）,80歳～84歳,人口,千人,5414,2238,3175
2021000101,総人口,2021年1月1日現在(確定値）,85歳～89歳,人口,千人,3780,1343,2437
2021000101,総人口,2021年1月1日現在(確定値）,90歳～94歳,人口,千人,1827,506,1321
2021000101,総人口,2021年1月1日現在(確定値）,95歳～99歳,人口,千人,509,96,413
2021000101,総人口,2021年1月1日現在(確定値）,100歳以上,人口,千人,81,10,71
2021000101,総人口,2021年1月1日現在(確定値）,15歳未満,人口,千人,14983,7675,7308
2021000101,総人口,2021年1月1日現在(確定値）,15歳～64歳,人口,千人,75033,37984,37049
2021000101,総人口,2021年1月1日現在(確定値）,65歳以上,人口,千人,36051,15651,20400
2021000101,総人口,2021年1月1日現在(確定値）,うち75歳以上,人口,千人,18574,7291,11283
2021000101,総人口,2021年1月1日現在(確定値）,うち85歳以上,人口,千人,6198,1955,4243
2021000101,総人口,2021年1月1日現在(確定値）,15歳未満,割合,％,11.9,12.5,11.3
2021000101,総人口,2021年1月1日現在(確定値）,15歳～64歳,割合,％,59.5,62.0,57.2
2021000101,総人口,2021年1月1日現在(確定値）,65歳以上,割合,％,28.6,25.5,31.5
2021000101,総人口,2021年1月1日現在(確定値）,うち75歳以上,割合,％,14.7,11.9,17.4
2021000101,総人口,2021年1月1日現在(確定値）,うち85歳以上,割合,％,4.9,3.2,6.6
2021000101,日本人人口,2021年1月1日現在(確定値）,総数,人口,千人,123261,59931,63330
2021000101,日本人人口,2021年1月1日現在(確定値）,0歳～4歳,人口,千人,4419,2261,2158
2021000101,日本人人口,2021年1月1日現在(確定値）,5歳～9歳,人口,千人,5017,2569,2448
2021000101,日本人人口,2021年1月1日現在(確定値）,10歳～14歳,人口,千人,5323,2729,2594
2021000101,日本人人口,2021年1月1日現在(確定値）,15歳～19歳,人口,千人,5584,2865,2719
2021000101,日本人人口,2021年1月1日現在(確定値）,20歳～24歳,人口,千人,5930,3024,2906
2021000101,日本人人口,2021年1月1日現在(確定値）,25歳～29歳,人口,千人,5945,3034,2911
2021000101,日本人人口,2021年1月1日現在(確定値）,30歳～34歳,人口,千人,6319,3222,3097
2021000101,日本人人口,2021年1月1日現在(確定値）,35歳～39歳,人口,千人,7202,3663,3539
2021000101,日本人人口,2021年1月1日現在(確定値）,40歳～44歳,人口,千人,8190,4167,4022
2021000101,日本人人口,2021年1月1日現在(確定値）,45歳～49歳,人口,千人,9664,4908,4756
2021000101,日本人人口,2021年1月1日現在(確定値）,50歳～54歳,人口,千人,8591,4343,4249
2021000101,日本人人口,2021年1月1日現在(確定値）,55歳～59歳,人口,千人,7881,3947,3933
2021000101,日本人人口,2021年1月1日現在(確定値）,60歳～64歳,人口,千人,7334,3630,3704
2021000101,日本人人口,2021年1月1日現在(確定値）,65歳～69歳,人口,千人,8057,3914,4144
2021000101,日本人人口,2021年1月1日現在(確定値）,70歳～74歳,人口,千人,9303,4393,4910
2021000101,日本人人口,2021年1月1日現在(確定値）,75歳～79歳,人口,千人,6929,3084,3846
2021000101,日本人人口,2021年1月1日現在(確定値）,80歳～84歳,人口,千人,5392,2230,3162
2021000101,日本人人口,2021年1月1日現在(確定値）,85歳～89歳,人口,千人,3768,1339,2430
2021000101,日本人人口,2021年1月1日現在(確定値）,90歳～94歳,人口,千人,1823,505,1318
2021000101,日本人人口,2021年1月1日現在(確定値）,95歳～99歳,人口,千人,508,96,412
2021000101,日本人人口,2021年1月1日現在(確定値）,100歳以上,人口,千人,81,10,71
2021000101,日本人人口,2021年1月1日現在(確定値）,15歳未満,人口,千人,14758,7559,7199
2021000101,日本人人口,2021年1月1日現在(確定値）,15歳～64歳,人口,千人,72641,36803,35838
2021000101,日本人人口,2021年1月1日現在(確定値）,65歳以上,人口,千人,35862,15569,20293
2021000101,日本人人口,2021年1月1日現在(確定値）,うち75歳以上,人口,千人,18502,7263,11239
2021000101,日本人人口,2021年1月1日現在(確定値）,うち85歳以上,人口,千人,6181,1950,4231
2021000101,日本人人口,2021年1月1日現在(確定値）,15歳未満,割合,％,12.0,12.6,11.4
2021000101,日本人人口,2021年1月1日現在(確定値）,15歳～64歳,割合,％,58.9,61.4,56.6
2021000101,日本人人口,2021年1月1日現在(確定値）,65歳以上,割合,％,29.1,26.0,32.0
2021000101,日本人人口,2021年1月1日現在(確定値）,うち75歳以上,割合,％,15.0,12.1,17.7
2021000101,日本人人口,2021年1月1日現在(確定値）,うち85歳以上,割合,％,5.0,3.3,6.7
2021000202,総人口,2021年2月1日現在(確定値）,総数,人口,千人,125990,61269,64721
2021000202,総人口,2021年2月1日現在(確定値）,0歳～4歳,人口,千人,4484,2295,2189
2021000202,総人口,2021年2月1日現在(確定値）,5歳～9歳,人口,千人,5087,2605,2482
2021000202,総人口,2021年2月1日現在(確定値）,10歳～14歳,人口,千人,5382,2759,2623
2021000202,総人口,2021年2月1日現在(確定値）,15歳～19歳,人口,千人,5676,2912,2764
2021000202,総人口,2021年2月1日現在(確定値）,20歳～24歳,人口,千人,6351,3251,3099
2021000202,総人口,2021年2月1日現在(確定値）,25歳～29歳,人口,千人,6393,3284,3109
2021000202,総人口,2021年2月1日現在(確定値）,30歳～34歳,人口,千人,6663,3406,3257
2021000202,総人口,2021年2月1日現在(確定値）,35歳～39歳,人口,千人,7463,3789,3674
2021000202,総人口,2021年2月1日現在(確定値）,40歳～44歳,人口,千人,8375,4246,4129
2021000202,総人口,2021年2月1日現在(確定値）,45歳～49歳,人口,千人,9837,4978,4858
2021000202,総人口,2021年2月1日現在(確定値）,50歳～54歳,人口,千人,8806,4431,4375
2021000202,総人口,2021年2月1日現在(確定値）,55歳～59歳,人口,千人,7980,3986,3994
2021000202,総人口,2021年2月1日現在(確定値）,60歳～64歳,人口,千人,7411,3661,3750
2021000202,総人口,2021年2月1日現在(確定値）,65歳～69歳,人口,千人,8065,3917,4148
2021000202,総人口,2021年2月1日現在(確定値）,70歳～74歳,人口,千人,9449,4460,4989
2021000202,総人口,2021年2月1日現在(確定値）,75歳～79歳,人口,千人,6881,3063,3818
2021000202,総人口,2021年2月1日現在(確定値）,80歳～84歳,人口,千人,5429,2247,3182
2021000202,総人口,2021年2月1日現在(確定値）,85歳～89歳,人口,千人,3807,1355,2452
2021000202,総人口,2021年2月1日現在(確定値）,90歳～94歳,人口,千人,1850,513,1337
2021000202,総人口,2021年2月1日現在(確定値）,95歳～99歳,人口,千人,517,99,419
2021000202,総人口,2021年2月1日現在(確定値）,100歳以上,人口,千人,83,10,73
2021000202,総人口,2021年2月1日現在(確定値）,15歳未満,人口,千人,14953,7659,7294
2021000202,総人口,2021年2月1日現在(確定値）,15歳～64歳,人口,千人,74954,37945,37009
2021000202,総人口,2021年2月1日現在(確定値）,65歳以上,人口,千人,36083,15664,20418
2021000202,総人口,2021年2月1日現在(確定値）,うち75歳以上,人口,千人,18568,7287,11281
2021000202,総人口,2021年2月1日現在(確定値）,うち85歳以上,人口,千人,6258,1977,4280
2021000202,総人口,2021年2月1日現在(確定値）,15歳未満,割合,％,11.9,12.5,11.3
2021000202,総人口,2021年2月1日現在(確定値）,15歳～64歳,割合,％,59.5,61.9,57.2
2021000202,総人口,2021年2月1日現在(確定値）,65歳以上,割合,％,28.6,25.6,31.5
2021000202,総人口,2021年2月1日現在(確定値）,うち75歳以上,割合,％,14.7,11.9,17.4
2021000202,総人口,2021年2月1日現在(確定値）,うち85歳以上,割合,％,5.0,3.2,6.6
2021000202,日本人人口,2021年2月1日現在(確定値）,総数,人口,千人,123160,59877,63283
2021000202,日本人人口,2021年2月1日現在(確定値）,0歳～4歳,人口,千人,4399,2251,2148
2021000202,日本人人口,2021年2月1日現在(確定値）,5歳～9歳,人口,千人,5009,2565,2444
2021000202,日本人人口,2021年2月1日現在(確定値）,10歳～14歳,人口,千人,5319,2727,2592
2021000202,日本人人口,2021年2月1日現在(確定値）,15歳～19歳,人口,千人,5573,2860,2713
2021000202,日本人人口,2021年2月1日現在(確定値）,20歳～24歳,人口,千人,5928,3022,2905
2021000202,日本人人口,2021年2月1日現在(確定値）,25歳～29歳,人口,千人,5943,3033,2910
2021000202,日本人人口,2021年2月1日現在(確定値）,30歳～34歳,人口,千人,6303,3213,3089
2021000202,日本人人口,2021年2月1日現在(確定値）,35歳～39歳,人口,千人,7188,3656,3532
2021000202,日本人人口,2021年2月1日現在(確定値）,40歳～44歳,人口,千人,8156,4149,4006
2021000202,日本人人口,2021年2月1日現在(確定値）,45歳～49歳,人口,千人,9647,4899,4748
2021000202,日本人人口,2021年2月1日現在(確定値）,50歳～54歳,人口,千人,8637,4364,4273
2021000202,日本人人口,2021年2月1日現在(確定値）,55歳～59歳,人口,千人,7845,3931,3914
2021000202,日本人人口,2021年2月1日現在(確定値）,60歳～64歳,人口,千人,7320,3623,3697
2021000202,日本人人口,2021年2月1日現在(確定値）,65歳～69歳,人口,千人,7998,3888,4110
2021000202,日本人人口,2021年2月1日現在(確定値）,70歳～74歳,人口,千人,9399,4436,4963
2021000202,日本人人口,2021年2月1日現在(確定値）,75歳～79歳,人口,千人,6848,3049,3799
2021000202,日本人人口,2021年2月1日現在(確定値）,80歳～84歳,人口,千人,5407,2238,3169
2021000202,日本人人口,2021年2月1日現在(確定値）,85歳～89歳,人口,千人,3796,1351,2445
2021000202,日本人人口,2021年2月1日現在(確定値）,90歳～94歳,人口,千人,1845,512,1333
2021000202,日本人人口,2021年2月1日現在(確定値）,95歳～99歳,人口,千人,516,98,418
2021000202,日本人人口,2021年2月1日現在(確定値）,100歳以上,人口,千人,83,10,73
2021000202,日本人人口,2021年2月1日現在(確定値）,15歳未満,人口,千人,14727,7543,7184
2021000202,日本人人口,2021年2月1日現在(確定値）,15歳～64歳,人口,千人,72541,36752,35789
2021000202,日本人人口,2021年2月1日現在(確定値）,65歳以上,人口,千人,35893,15583,20310
2021000202,日本人人口,2021年2月1日現在(確定値）,うち75歳以上,人口,千人,18495,7259,11237
2021000202,日本人人口,2021年2月1日現在(確定値）,うち85歳以上,人口,千人,6240,1972,4269
2021000202,日本人人口,2021年2月1日現在(確定値）,15歳未満,割合,％,12.0,12.6,11.4
2021000202,日本人人口,2021年2月1日現在(確定値）,15歳～64歳,割合,％,58.9,61.4,56.6
2021000202,日本人人口,2021年2月1日現在(確定値）,65歳以上,割合,％,29.1,26.0,32.1
2021000202,日本人人口,2021年2月1日現在(確定値）,うち75歳以上,割合,％,15.0,12.1,17.8
2021000202,日本人人口,2021年2月1日現在(確定値）,うち85歳以上,割合,％,5.1,3.3,6.7
2021000303,総人口,2021年3月1日現在(確定値）,総数,人口,千人,125917,61231,64686
2021000303,総人口,2021年3月1日現在(確定値）,0歳～4歳,人口,千人,4466,2286,2180
2021000303,総人口,2021年3月1日現在(確定値）,5歳～9歳,人口,千人,5086,2604,2481
2021000303,総人口,2021年3月1日現在(確定値）,10歳～14歳,人口,千人,5377,2757,2620
2021000303,総人口,2021年3月1日現在(確定値）,15歳～19歳,人口,千人,5667,2908,2759
2021000303,総人口,2021年3月1日現在(確定値）,20歳～24歳,人口,千人,6338,3245,3093
2021000303,総人口,2021年3月1日現在(確定値）,25歳～29歳,人口,千人,6395,3285,3110
2021000303,総人口,2021年3月1日現在(確定値）,30歳～34歳,人口,千人,6650,3399,3250
2021000303,総人口,2021年3月1日現在(確定値）,35歳～39歳,人口,千人,7451,3783,3668
2021000303,総人口,2021年3月1日現在(確定値）,40歳～44歳,人口,千人,8348,4233,4115
2021000303,総人口,2021年3月1日現在(確定値）,45歳～49歳,人口,千人,9824,4972,4852
2021000303,総人口,2021年3月1日現在(確定値）,50歳～54歳,人口,千人,8850,4453,4397
2021000303,総人口,2021年3月1日現在(確定値）,55歳～59歳,人口,千人,7955,3973,3982
2021000303,総人口,2021年3月1日現在(確定値）,60歳～64歳,人口,千人,7403,3658,3745
2021000303,総人口,2021年3月1日現在(確定値）,65歳～69歳,人口,千人,8026,3899,4128
2021000303,総人口,2021年3月1日現在(確定値）,70歳～74歳,人口,千人,9510,4489,5021
2021000303,総人口,2021年3月1日現在(確定値）,75歳～79歳,人口,千人,6835,3043,3792
2021000303,総人口,2021年3月1日現在(確定値）,80歳～84歳,人口,千人,5443,2255,3189
2021000303,総人口,2021年3月1日現在(確定値）,85歳～89歳,人口,千人,3825,1363,2462
2021000303,総人口,2021年3月1日現在(確定値）,90歳～94歳,人口,千人,1862,517,1344
2021000303,総人口,2021年3月1日現在(確定値）,95歳～99歳,人口,千人,523,100,423
2021000303,総人口,2021年3月1日現在(確定値）,100歳以上,人口,千人,85,10,74
2021000303,総人口,2021年3月1日現在(確定値）,15歳未満,人口,千人,14929,7647,7282
2021000303,総人口,2021年3月1日現在(確定値）,15歳～64歳,人口,千人,74880,37909,36972
2021000303,総人口,2021年3月1日現在(確定値）,65歳以上,人口,千人,36108,15676,20433
2021000303,総人口,2021年3月1日現在(確定値）,うち75歳以上,人口,千人,18572,7288,11284
2021000303,総人口,2021年3月1日現在(確定値）,うち85歳以上,人口,千人,6294,1991,4303
2021000303,総人口,2021年3月1日現在(確定値）,15歳未満,割合,％,11.9,12.5,11.3
2021000303,総人口,2021年3月1日現在(確定値）,15歳～64歳,割合,％,59.5,61.9,57.2
2021000303,総人口,2021年3月1日現在(確定値）,65歳以上,割合,％,28.7,25.6,31.6
2021000303,総人口,2021年3月1日現在(確定値）,うち75歳以上,割合,％,14.7,11.9,17.4
2021000303,総人口,2021年3月1日現在(確定値）,うち85歳以上,割合,％,5.0,3.3,6.7
2021000303,日本人人口,2021年3月1日現在(確定値）,総数,人口,千人,123097,59845,63252
2021000303,日本人人口,2021年3月1日現在(確定値）,0歳～4歳,人口,千人,4381,2242,2139
2021000303,日本人人口,2021年3月1日現在(確定値）,5歳～9歳,人口,千人,5007,2564,2443
2021000303,日本人人口,2021年3月1日現在(確定値）,10歳～14歳,人口,千人,5314,2724,2590
2021000303,日本人人口,2021年3月1日現在(確定値）,15歳～19歳,人口,千人,5566,2856,2709
2021000303,日本人人口,2021年3月1日現在(確定値）,20歳～24歳,人口,千人,5923,3020,2902
2021000303,日本人人口,2021年3月1日現在(確定値）,25歳～29歳,人口,千人,5946,3034,2912
2021000303,日本人人口,2021年3月1日現在(確定値）,30歳～34歳,人口,千人,6290,3207,3083
2021000303,日本人人口,2021年3月1日現在(確定値）,35歳～39歳,人口,千人,7176,3650,3527
2021000303,日本人人口,2021年3月1日現在(確定値）,40歳～44歳,人口,千人,8128,4136,3993
2021000303,日本人人口,2021年3月1日現在(確定値）,45歳～49歳,人口,千人,9635,4893,4742
2021000303,日本人人口,2021年3月1日現在(確定値）,50歳～54歳,人口,千人,8681,4387,4295
2021000303,日本人人口,2021年3月1日現在(確定値）,55歳～59歳,人口,千人,7821,3919,3902
2021000303,日本人人口,2021年3月1日現在(確定値）,60歳～64歳,人口,千人,7312,3620,3692
2021000303,日本人人口,2021年3月1日現在(確定値）,65歳～69歳,人口,千人,7959,3869,4090
2021000303,日本人人口,2021年3月1日現在(確定値）,70歳～74歳,人口,千人,9459,4465,4994
2021000303,日本人人口,2021年3月1日現在(確定値）,75歳～79歳,人口,千人,6802,3028,3774
2021000303,日本人人口,2021年3月1日現在(確定値）,80歳～84歳,人口,千人,5421,2246,3175
2021000303,日本人人口,2021年3月1日現在(確定値）,85歳～89歳,人口,千人,3813,1359,2454
2021000303,日本人人口,2021年3月1日現在(確定値）,90歳～94歳,人口,千人,1857,516,1341
2021000303,日本人人口,2021年3月1日現在(確定値）,95歳～99歳,人口,千人,522,100,422
2021000303,日本人人口,2021年3月1日現在(確定値）,100歳以上,人口,千人,85,10,74
2021000303,日本人人口,2021年3月1日現在(確定値）,15歳未満,人口,千人,14702,7530,7172
2021000303,日本人人口,2021年3月1日現在(確定値）,15歳～64歳,人口,千人,72477,36721,35756
2021000303,日本人人口,2021年3月1日現在(確定値）,65歳以上,人口,千人,35918,15594,20324
2021000303,日本人人口,2021年3月1日現在(確定値）,うち75歳以上,人口,千人,18500,7260,11240
2021000303,日本人人口,2021年3月1日現在(確定値）,うち85歳以上,人口,千人,6277,1985,4291
2021000303,日本人人口,2021年3月1日現在(確定値）,15歳未満,割合,％,11.9,12.6,11.3
2021000303,日本人人口,2021年3月1日現在(確定値）,15歳～64歳,割合,％,58.9,61.4,56.5
2021000303,日本人人口,2021年3月1日現在(確定値）,65歳以上,割合,％,29.2,26.1,32.1
2021000303,日本人人口,2021年3月1日現在(確定値）,うち75歳以上,割合,％,15.0,12.1,17.8
2021000303,日本人人口,2021年3月1日現在(確定値）,うち85歳以上,割合,％,5.1,3.3,6.8
2021000404,総人口,2021年4月1日現在(確定値）,総数,人口,千人,125855,61199,64655
2021000404,総人口,2021年4月1日現在(確定値）,0歳～4歳,人口,千人,4453,2279,2174
2021000404,総人口,2021年4月1日現在(確定値）,5歳～9歳,人口,千人,5080,2602,2478
2021000404,総人口,2021年4月1日現在(確定値）,10歳～14歳,人口,千人,5375,2756,2619
2021000404,総人口,2021年4月1日現在(確定値）,15歳～19歳,人口,千人,5660,2904,2756
2021000404,総人口,2021年4月1日現在(確定値）,20歳～24歳,人口,千人,6330,3240,3090
2021000404,総人口,2021年4月1日現在(確定値）,25歳～29歳,人口,千人,6388,3282,3106
2021000404,総人口,2021年4月1日現在(確定値）,30歳～34歳,人口,千人,6635,3392,3243
2021000404,総人口,2021年4月1日現在(確定値）,35歳～39歳,人口,千人,7441,3778,3663
2021000404,総人口,2021年4月1日現在(確定値）,40歳～44歳,人口,千人,8319,4218,4101
2021000404,総人口,2021年4月1日現在(確定値）,45歳～49歳,人口,千人,9812,4966,4846
2021000404,総人口,2021年4月1日現在(確定値）,50歳～54歳,人口,千人,8904,4481,4423
2021000404,総人口,2021年4月1日現在(確定値）,55歳～59歳,人口,千人,7926,3959,3968
2021000404,総人口,2021年4月1日現在(確定値）,60歳～64歳,人口,千人,7396,3655,3741
2021000404,総人口,2021年4月1日現在(確定値）,65歳～69歳,人口,千人,7995,3884,4111
2021000404,総人口,2021年4月1日現在(確定値）,70歳～74歳,人口,千人,9569,4517,5052
2021000404,総人口,2021年4月1日現在(確定値）,75歳～79歳,人口,千人,6782,3020,3763
2021000404,総人口,2021年4月1日現在(確定値）,80歳～84歳,人口,千人,5455,2262,3193
2021000404,総人口,2021年4月1日現在(確定値）,85歳～89歳,人口,千人,3835,1369,2466
2021000404,総人口,2021年4月1日現在(確定値）,90歳～94歳,人口,千人,1880,523,1356
2021000404,総人口,2021年4月1日現在(確定値）,95歳～99歳,人口,千人,532,103,430
2021000404,総人口,2021年4月1日現在(確定値）,100歳以上,人口,千人,87,11,76
2021000404,総人口,2021年4月1日現在(確定値）,15歳未満,人口,千人,14908,7637,7271
2021000404,総人口,2021年4月1日現在(確定値）,15歳～64歳,人口,千人,74811,37875,36937
2021000404,総人口,2021年4月1日現在(確定値）,65歳以上,人口,千人,36136,15688,20447
2021000404,総人口,2021年4月1日現在(確定値）,うち75歳以上,人口,千人,18571,7287,11284
2021000404,総人口,2021年4月1日現在(確定値）,うち85歳以上,人口,千人,6334,2006,4328
2021000404,総人口,2021年4月1日現在(確定値）,15歳未満,割合,％,11.8,12.5,11.2
2021000404,総人口,2021年4月1日現在(確定値）,15歳～64歳,割合,％,59.4,61.9,57.1
2021000404,総人口,2021年4月1日現在(確定値）,65歳以上,割合,％,28.7,25.6,31.6
2021000404,総人口,2021年4月1日現在(確定値）,うち75歳以上,割合,％,14.8,11.9,17.5
2021000404,総人口,2021年4月1日現在(確定値）,うち85歳以上,割合,％,5.0,3.3,6.7
2021000404,日本人人口,2021年4月1日現在(確定値）,総数,人口,千人,123050,59821,63229
2021000404,日本人人口,2021年4月1日現在(確定値）,0歳～4歳,人口,千人,4369,2236,2133
2021000404,日本人人口,2021年4月1日現在(確定値）,5歳～9歳,人口,千人,5001,2561,2440
2021000404,日本人人口,2021年4月1日現在(確定値）,10歳～14歳,人口,千人,5312,2723,2589
2021000404,日本人人口,2021年4月1日現在(確定値）,15歳～19歳,人口,千人,5561,2854,2707
2021000404,日本人人口,2021年4月1日現在(確定値）,20歳～24歳,人口,千人,5921,3020,2902
2021000404,日本人人口,2021年4月1日現在(確定値）,25歳～29歳,人口,千人,5944,3033,2911
2021000404,日本人人口,2021年4月1日現在(確定値）,30歳～34歳,人口,千人,6277,3200,3077
2021000404,日本人人口,2021年4月1日現在(確定値）,35歳～39歳,人口,千人,7167,3645,3522
2021000404,日本人人口,2021年4月1日現在(確定値）,40歳～44歳,人口,千人,8100,4121,3978
2021000404,日本人人口,2021年4月1日現在(確定値）,45歳～49歳,人口,千人,9624,4887,4737
2021000404,日本人人口,2021年4月1日現在(確定値）,50歳～54歳,人口,千人,8734,4414,4320
2021000404,日本人人口,2021年4月1日現在(確定値）,55歳～59歳,人口,千人,7792,3904,3888
2021000404,日本人人口,2021年4月1日現在(確定値）,60歳～64歳,人口,千人,7304,3616,3688
2021000404,日本人人口,2021年4月1日現在(確定値）,65歳～69歳,人口,千人,7927,3854,4074
2021000404,日本人人口,2021年4月1日現在(確定値）,70歳～74歳,人口,千人,9518,4493,5025
2021000404,日本人人口,2021年4月1日現在(確定値）,75歳～79歳,人口,千人,6749,3005,3744
2021000404,日本人人口,2021年4月1日現在(確定値）,80歳～84歳,人口,千人,5433,2253,3180
2021000404,日本人人口,2021年4月1日現在(確定値）,85歳～89歳,人口,千人,3823,1365,2458
2021000404,日本人人口,2021年4月1日現在(確定値）,90歳～94歳,人口,千人,1875,522,1353
2021000404,日本人人口,2021年4月1日現在(確定値）,95歳～99歳,人口,千人,531,102,429
2021000404,日本人人口,2021年4月1日現在(確定値）,100歳以上,人口,千人,87,11,76
2021000404,日本人人口,2021年4月1日現在(確定値）,15歳未満,人口,千人,14682,7520,7162
2021000404,日本人人口,2021年4月1日現在(確定値）,15歳～64歳,人口,千人,72424,36695,35729
2021000404,日本人人口,2021年4月1日現在(確定値）,65歳以上,人口,千人,35944,15606,20338
2021000404,日本人人口,2021年4月1日現在(確定値）,うち75歳以上,人口,千人,18499,7259,11240
2021000404,日本人人口,2021年4月1日現在(確定値）,うち85歳以上,人口,千人,6316,2000,4316
2021000404,日本人人口,2021年4月1日現在(確定値）,15歳未満,割合,％,11.9,12.6,11.3
2021000404,日本人人口,2021年4月1日現在(確定値）,15歳～64歳,割合,％,58.9,61.3,56.5
2021000404,日本人人口,2021年4月1日現在(確定値）,65歳以上,割合,％,29.2,26.1,32.2
2021000404,日本人人口,2021年4月1日現在(確定値）,うち75歳以上,割合,％,15.0,12.1,17.8
2021000404,日本人人口,2021年4月1日現在(確定値）,うち85歳以上,割合,％,5.1,3.3,6.8
2021000505,総人口,2021年5月1日現在(確定値）,総数,人口,千人,125777,61160,64617
2021000505,総人口,2021年5月1日現在(確定値）,0歳～4歳,人口,千人,4444,2275,2169
2021000505,総人口,2021年5月1日現在(確定値）,5歳～9歳,人口,千人,5073,2598,2475
2021000505,総人口,2021年5月1日現在(確定値）,10歳～14歳,人口,千人,5372,2754,2618
2021000505,総人口,2021年5月1日現在(確定値）,15歳～19歳,人口,千人,5650,2899,2751
2021000505,総人口,2021年5月1日現在(確定値）,20歳～24歳,人口,千人,6315,3233,3083
2021000505,総人口,2021年5月1日現在(確定値）,25歳～29歳,人口,千人,6382,3277,3104
2021000505,総人口,2021年5月1日現在(確定値）,30歳～34歳,人口,千人,6620,3384,3235
2021000505,総人口,2021年5月1日現在(確定値）,35歳～39歳,人口,千人,7424,3769,3654
2021000505,総人口,2021年5月1日現在(確定値）,40歳～44歳,人口,千人,8290,4204,4087
2021000505,総人口,2021年5月1日現在(確定値）,45歳～49歳,人口,千人,9798,4959,4838
2021000505,総人口,2021年5月1日現在(確定値）,50歳～54歳,人口,千人,8959,4509,4450
2021000505,総人口,2021年5月1日現在(確定値）,55歳～59歳,人口,千人,7897,3945,3952
2021000505,総人口,2021年5月1日現在(確定値）,60歳～64歳,人口,千人,7398,3656,3743
2021000505,総人口,2021年5月1日現在(確定値）,65歳～69歳,人口,千人,7973,3874,4100
2021000505,総人口,2021年5月1日現在(確定値）,70歳～74歳,人口,千人,9618,4541,5077
2021000505,総人口,2021年5月1日現在(確定値）,75歳～79歳,人口,千人,6749,3005,3745
2021000505,総人口,2021年5月1日現在(確定値）,80歳～84歳,人口,千人,5468,2267,3200
2021000505,総人口,2021年5月1日現在(確定値）,85歳～89歳,人口,千人,3843,1373,2470
2021000505,総人口,2021年5月1日現在(確定値）,90歳～94歳,人口,千人,1883,525,1359
2021000505,総人口,2021年5月1日現在(確定値）,95歳～99歳,人口,千人,533,103,431
2021000505,総人口,2021年5月1日現在(確定値）,100歳以上,人口,千人,87,11,76
2021000505,総人口,2021年5月1日現在(確定値）,15歳未満,人口,千人,14889,7627,7262
2021000505,総人口,2021年5月1日現在(確定値）,15歳～64歳,人口,千人,74733,37835,36898
2021000505,総人口,2021年5月1日現在(確定値）,65歳以上,人口,千人,36155,15697,20457
2021000505,総人口,2021年5月1日現在(確定値）,うち75歳以上,人口,千人,18563,7283,11280
2021000505,総人口,2021年5月1日現在(確定値）,うち85歳以上,人口,千人,6346,2011,4335
2021000505,総人口,2021年5月1日現在(確定値）,15歳未満,割合,％,11.8,12.5,11.2
2021000505,総人口,2021年5月1日現在(確定値）,15歳～64歳,割合,％,59.4,61.9,57.1
2021000505,総人口,2021年5月1日現在(確定値）,65歳以上,割合,％,28.7,25.7,31.7
2021000505,総人口,2021年5月1日現在(確定値）,うち75歳以上,割合,％,14.8,11.9,17.5
2021000505,総人口,2021年5月1日現在(確定値）,うち85歳以上,割合,％,5.0,3.3,6.7
2021000505,日本人人口,2021年5月1日現在(確定値）,総数,人口,千人,122998,59795,63202
2021000505,日本人人口,2021年5月1日現在(確定値）,0歳～4歳,人口,千人,4360,2232,2129
2021000505,日本人人口,2021年5月1日現在(確定値）,5歳～9歳,人口,千人,4994,2557,2437
2021000505,日本人人口,2021年5月1日現在(確定値）,10歳～14歳,人口,千人,5309,2722,2587
2021000505,日本人人口,2021年5月1日現在(確定値）,15歳～19歳,人口,千人,5553,2850,2703
2021000505,日本人人口,2021年5月1日現在(確定値）,20歳～24歳,人口,千人,5916,3017,2898
2021000505,日本人人口,2021年5月1日現在(確定値）,25歳～29歳,人口,千人,5945,3033,2912
2021000505,日本人人口,2021年5月1日現在(確定値）,30歳～34歳,人口,千人,6265,3195,3071
2021000505,日本人人口,2021年5月1日現在(確定値）,35歳～39歳,人口,千人,7152,3637,3515
2021000505,日本人人口,2021年5月1日現在(確定値）,40歳～44歳,人口,千人,8072,4107,3965
2021000505,日本人人口,2021年5月1日現在(確定値）,45歳～49歳,人口,千人,9610,4881,4729
2021000505,日本人人口,2021年5月1日現在(確定値）,50歳～54歳,人口,千人,8789,4442,4347
2021000505,日本人人口,2021年5月1日現在(確定値）,55歳～59歳,人口,千人,7763,3890,3873
2021000505,日本人人口,2021年5月1日現在(確定値）,60歳～64歳,人口,千人,7307,3618,3689
2021000505,日本人人口,2021年5月1日現在(確定値）,65歳～69歳,人口,千人,7905,3844,4062
2021000505,日本人人口,2021年5月1日現在(確定値）,70歳～74歳,人口,千人,9567,4517,5050
2021000505,日本人人口,2021年5月1日現在(確定値）,75歳～79歳,人口,千人,6716,2990,3726
2021000505,日本人人口,2021年5月1日現在(確定値）,80歳～84歳,人口,千人,5446,2259,3187
2021000505,日本人人口,2021年5月1日現在(確定値）,85歳～89歳,人口,千人,3831,1369,2462
2021000505,日本人人口,2021年5月1日現在(確定値）,90歳～94歳,人口,千人,1879,523,1356
2021000505,日本人人口,2021年5月1日現在(確定値）,95歳～99歳,人口,千人,532,103,430
2021000505,日本人人口,2021年5月1日現在(確定値）,100歳以上,人口,千人,86,11,76
2021000505,日本人人口,2021年5月1日現在(確定値）,15歳未満,人口,千人,14664,7511,7153
2021000505,日本人人口,2021年5月1日現在(確定値）,15歳～64歳,人口,千人,72372,36670,35702
2021000505,日本人人口,2021年5月1日現在(確定値）,65歳以上,人口,千人,35962,15615,20348
2021000505,日本人人口,2021年5月1日現在(確定値）,うち75歳以上,人口,千人,18491,7255,11236
2021000505,日本人人口,2021年5月1日現在(確定値）,うち85歳以上,人口,千人,6329,2005,4323
2021000505,日本人人口,2021年5月1日現在(確定値）,15歳未満,割合,％,11.9,12.6,11.3
2021000505,日本人人口,2021年5月1日現在(確定値）,15歳～64歳,割合,％,58.8,61.3,56.5
2021000505,日本人人口,2021年5月1日現在(確定値）,65歳以上,割合,％,29.2,26.1,32.2
2021000505,日本人人口,2021年5月1日現在(確定値）,うち75歳以上,割合,％,15.0,12.1,17.8
2021000505,日本人人口,2021年5月1日現在(確定値）,うち85歳以上,割合,％,5.1,3.4,6.8
2021000606,総人口,2021年6月1日現在(確定値）,総数,人口,千人,125722,61131,64591
2021000606,総人口,2021年6月1日現在(確定値）,0歳～4歳,人口,千人,4432,2268,2163
2021000606,総人口,2021年6月1日現在(確定値）,5歳～9歳,人口,千人,5067,2595,2472
2021000606,総人口,2021年6月1日現在(確定値）,10歳～14歳,人口,千人,5366,2751,2615
2021000606,総人口,2021年6月1日現在(確定値）,15歳～19歳,人口,千人,5641,2894,2746
2021000606,総人口,2021年6月1日現在(確定値）,20歳～24歳,人口,千人,6305,3227,3078
2021000606,総人口,2021年6月1日現在(確定値）,25歳～29歳,人口,千人,6382,3277,3105
2021000606,総人口,2021年6月1日現在(確定値）,30歳～34歳,人口,千人,6609,3379,3230
2021000606,総人口,2021年6月1日現在(確定値）,35歳～39歳,人口,千人,7409,3762,3647
2021000606,総人口,2021年6月1日現在(確定値）,40歳～44歳,人口,千人,8266,4191,4075
2021000606,総人口,2021年6月1日現在(確定値）,45歳～49歳,人口,千人,9788,4955,4833
2021000606,総人口,2021年6月1日現在(確定値）,50歳～54歳,人口,千人,9019,4539,4480
2021000606,総人口,2021年6月1日現在(確定値）,55歳～59歳,人口,千人,7876,3934,3942
2021000606,総人口,2021年6月1日現在(確定値）,60歳～64歳,人口,千人,7397,3656,3742
2021000606,総人口,2021年6月1日現在(確定値）,65歳～69歳,人口,千人,7954,3865,4090
2021000606,総人口,2021年6月1日現在(確定値）,70歳～74歳,人口,千人,9652,4556,5096
2021000606,総人口,2021年6月1日現在(確定値）,75歳～79歳,人口,千人,6726,2994,3732
2021000606,総人口,2021年6月1日現在(確定値）,80歳～84歳,人口,千人,5478,2272,3206
2021000606,総人口,2021年6月1日現在(確定値）,85歳～89歳,人口,千人,3848,1375,2473
2021000606,総人口,2021年6月1日現在(確定値）,90歳～94歳,人口,千人,1884,525,1359
2021000606,総人口,2021年6月1日現在(確定値）,95歳～99歳,人口,千人,535,103,432
2021000606,総人口,2021年6月1日現在(確定値）,100歳以上,人口,千人,86,11,76
2021000606,総人口,2021年6月1日現在(確定値）,15歳未満,人口,千人,14866,7615,7250
2021000606,総人口,2021年6月1日現在(確定値）,15歳～64歳,人口,千人,74694,37815,36878
2021000606,総人口,2021年6月1日現在(確定値）,65歳以上,人口,千人,36163,15701,20462
2021000606,総人口,2021年6月1日現在(確定値）,うち75歳以上,人口,千人,18557,7280,11277
2021000606,総人口,2021年6月1日現在(確定値）,うち85歳以上,人口,千人,6353,2014,4339
2021000606,総人口,2021年6月1日現在(確定値）,15歳未満,割合,％,11.8,12.5,11.2
2021000606,総人口,2021年6月1日現在(確定値）,15歳～64歳,割合,％,59.4,61.9,57.1
2021000606,総人口,2021年6月1日現在(確定値）,65歳以上,割合,％,28.8,25.7,31.7
2021000606,総人口,2021年6月1日現在(確定値）,うち75歳以上,割合,％,14.8,11.9,17.5
2021000606,総人口,2021年6月1日現在(確定値）,うち85歳以上,割合,％,5.1,3.3,6.7
2021000606,日本人人口,2021年6月1日現在(確定値）,総数,人口,千人,122952,59772,63180
2021000606,日本人人口,2021年6月1日現在(確定値）,0歳～4歳,人口,千人,4349,2225,2123
2021000606,日本人人口,2021年6月1日現在(確定値）,5歳～9歳,人口,千人,4988,2555,2434
2021000606,日本人人口,2021年6月1日現在(確定値）,10歳～14歳,人口,千人,5303,2719,2584
2021000606,日本人人口,2021年6月1日現在(確定値）,15歳～19歳,人口,千人,5546,2846,2700
2021000606,日本人人口,2021年6月1日現在(確定値）,20歳～24歳,人口,千人,5912,3016,2896
2021000606,日本人人口,2021年6月1日現在(確定値）,25歳～29歳,人口,千人,5947,3034,2913
2021000606,日本人人口,2021年6月1日現在(確定値）,30歳～34歳,人口,千人,6255,3189,3066
2021000606,日本人人口,2021年6月1日現在(確定値）,35歳～39歳,人口,千人,7138,3630,3507
2021000606,日本人人口,2021年6月1日現在(確定値）,40歳～44歳,人口,千人,8047,4094,3953
2021000606,日本人人口,2021年6月1日現在(確定値）,45歳～49歳,人口,千人,9601,4876,4724
2021000606,日本人人口,2021年6月1日現在(確定値）,50歳～54歳,人口,千人,8849,4472,4376
2021000606,日本人人口,2021年6月1日現在(確定値）,55歳～59歳,人口,千人,7742,3880,3862
2021000606,日本人人口,2021年6月1日現在(確定値）,60歳～64歳,人口,千人,7306,3618,3688
2021000606,日本人人口,2021年6月1日現在(確定値）,65歳～69歳,人口,千人,7886,3835,4051
2021000606,日本人人口,2021年6月1日現在(確定値）,70歳～74歳,人口,千人,9600,4532,5068
2021000606,日本人人口,2021年6月1日現在(確定値）,75歳～79歳,人口,千人,6693,2980,3713
2021000606,日本人人口,2021年6月1日現在(確定値）,80歳～84歳,人口,千人,5456,2263,3192
2021000606,日本人人口,2021年6月1日現在(確定値）,85歳～89歳,人口,千人,3836,1371,2465
2021000606,日本人人口,2021年6月1日現在(確定値）,90歳～94歳,人口,千人,1880,523,1356
2021000606,日本人人口,2021年6月1日現在(確定値）,95歳～99歳,人口,千人,534,103,431
2021000606,日本人人口,2021年6月1日現在(確定値）,100歳以上,人口,千人,86,10,76
2021000606,日本人人口,2021年6月1日現在(確定値）,15歳未満,人口,千人,14640,7499,7141
2021000606,日本人人口,2021年6月1日現在(確定値）,15歳～64歳,人口,千人,72341,36655,35686
2021000606,日本人人口,2021年6月1日現在(確定値）,65歳以上,人口,千人,35970,15618,20352
2021000606,日本人人口,2021年6月1日現在(確定値）,うち75歳以上,人口,千人,18484,7252,11233
2021000606,日本人人口,2021年6月1日現在(確定値）,うち85歳以上,人口,千人,6336,2008,4327
2021000606,日本人人口,2021年6月1日現在(確定値）,15歳未満,割合,％,11.9,12.5,11.3
2021000606,日本人人口,2021年6月1日現在(確定値）,15歳～64歳,割合,％,58.8,61.3,56.5
2021000606,日本人人口,2021年6月1日現在(確定値）,65歳以上,割合,％,29.3,26.1,32.2
2021000606,日本人人口,2021年6月1日現在(確定値）,うち75歳以上,割合,％,15.0,12.1,17.8
2021000606,日本人人口,2021年6月1日現在(確定値）,うち85歳以上,割合,％,5.2,3.4,6.8
,(注１),令和２年（2020年）国勢調査確定人口に基づき，2020年10月１日以降の人口を再計算した改定数値。,,,,,,
,(注２),2020年10月１日現在人口の総数は令和２年（2020年）国勢調査確定人口であるが，日本人人口は，国籍不祥を含む「令和２年（2020年）国勢調査確定人口（不詳補完値）」，年齢階級別人口は，年齢不詳を含む「令和２年（2020年）国勢調査確定人口（不詳補完値）」である。,,,,,,
,(注３),"単位未満は四捨五入してあるため,合計の数字と内訳の計が一致しない場合がある。",,,,,,