사용월,호선명,역ID,지하철역,유임승차,유임하차,무임승차,무임하차
2023-11,1호선,150,서울역,1446981,1382424,217363,207561
2023-11,1호선,151,시청,706852,705374,103979,102291
2023-11,1호선,152,종각,983062,964695,149124,137862
2023-11,1호선,153,종로3가,476984,437566,288215,265357
2023-11,1호선,154,종로5가,503760,494954,245469,236463
2023-11,1호선,155,동대문,228644,220181,123983,123667
2023-11,1호선,156,신설동,296375,284293,119681,117247
2023-11,1호선,157,제기동,236214,225295,263515,281109
2023-11,1호선,158,청량리(서울시립대입구),380377,369038,271514,275177
2023-11,1호선,159,동묘앞,145123,150686,149961,151238
2023-11,2호선,201,시청,707571,662312,63864,58234
2023-11,2호선,202,을지로입구,1335236,1374217,107654,100201
2023-11,2호선,203,을지로3가,651148,641164,77081,74822
2023-11,2호선,204,을지로4가,333511,339693,79834,78877
2023-11,2호선,205,동대문역사문화공원(DDP),376421,440799,60151,64501
2023-11,2호선,206,신당,342459,360452,92936,95191
2023-11,2호선,207,상왕십리,356918,344692,69214,70010
2023-11,2호선,208,왕십리(성동구청),430189,376172,53794,48157
2023-11,2호선,209,한양대,378021,415265,14913,16058
2023-11,2호선,210,뚝섬,647649,678875,63515,63498
2023-11,2호선,211,성수,1089255,1200842,104422,105702
2023-11,2호선,212,건대입구,1002639,1062356,94938,98643
2023-11,2호선,213,구의(광진구청),621121,600553,108032,108328
2023-11,2호선,214,강변(동서울터미널),824426,780885,124328,120082
2023-11,2호선,215,잠실나루,353359,341242,93438,93782
2023-11,2호선,216,잠실(송파구청),2144031,2152292,219204,209608
2023-11,2호선,217,잠실새내,579999,577510,114142,112443
2023-11,2호선,218,종합운동장,283591,317434,53033,55757
2023-11,2호선,219,삼성(무역센터),1522589,1545451,122229,113340
2023-11,2호선,220,선릉,1370785,1208533,235172,206951
2023-11,2호선,221,역삼,1277744,1464716,155338,158092
2023-11,2호선,222,강남,2123272,2072541,165986,144141
2023-11,2호선,223,교대(법원.검찰청),731799,885819,153848,183786
2023-11,2호선,224,서초,566953,541426,95357,94778
2023-11,2호선,225,방배,442800,462170,80996,80407
2023-11,2호선,226,사당,978507,1089934,212313,203143
2023-11,2호선,227,낙성대(강감찬),711813,685425,107180,109320
2023-11,2호선,228,서울대입구(관악구청),1199679,1167132,177833,167580
2023-11,2호선,229,봉천,554366,508596,151067,149710
2023-11,2호선,230,신림,1417861,1347029,199086,196831
2023-11,2호선,231,신대방,626182,599910,130486,131987
2023-11,2호선,232,구로디지털단지,1467998,1447184,192370,191859
2023-11,2호선,233,대림(구로구청),587250,599821,131914,136682
2023-11,2호선,234,신도림,1266344,1255910,227301,213441
2023-11,2호선,235,문래,558453,575209,88470,88119
2023-11,2호선,236,영등포구청,528029,546732,102721,101254
2023-11,2호선,237,당산,472277,556115,59808,65450
2023-11,2호선,238,합정,910534,995720,71830,72264
2023-11,2호선,239,홍대입구,2012032,2173849,101960,98645
2023-11,2호선,240,신촌,1064202,1092882,125381,123232
2023-11,2호선,241,이대,473105,520911,50923,53925
2023-11,2호선,242,아현,261750,241214,65696,64278
2023-11,2호선,243,충정로(경기대입구),251727,269843,48719,49233
2023-11,2호선,244,용답,72687,73835,17717,17410
2023-11,2호선,245,신답,38552,42956,9692,10635
2023-11,2호선,246,신설동,81201,77153,31174,33113
2023-11,2호선,247,도림천,27698,29324,8289,9326
2023-11,2호선,248,양천구청,151428,161247,52621,53928
2023-11,2호선,249,신정네거리,227821,235647,76099,77569
2023-11,2호선,250,용두(동대문구청),49598,48169,23888,24904
2023-11,3호선,309,지축,170676,169314,35524,34213
2023-11,3호선,310,구파발,509671,500065,128514,123589
2023-11,3호선,311,연신내,767377,723576,261096,252120
2023-11,3호선,312,불광,349031,372112,140283,154763
2023-11,3호선,313,녹번,386434,342524,82422,80976
2023-11,3호선,314,홍제,405372,380829,147070,145607
2023-11,3호선,315,무악재,99342,94347,33555,35407
2023-11,3호선,316,독립문,161137,165872,72667,72242
2023-11,3호선,317,경복궁(정부서울청사),706127,723506,100758,101624
2023-11,3호선,318,안국,701109,719531,108091,112751
2023-11,3호선,319,종로3가,249075,292759,66039,73653
2023-11,3호선,320,을지로3가,292170,298759,51497,49196
2023-11,3호선,321,충무로,98,0,1,0
2023-11,3호선,322,동대입구,314400,350560,43220,48315
2023-11,3호선,323,약수,303501,298039,83714,79107
2023-11,3호선,324,금호,185011,168149,55327,54245
2023-11,3호선,325,옥수,202688,208825,61168,60576
2023-11,3호선,326,압구정,775768,852535,142974,142812
2023-11,3호선,327,신사,770999,811096,72390,70206
2023-11,3호선,328,잠원,118612,112748,32887,31202
2023-11,3호선,329,고속터미널,1266190,1202438,214016,201830
2023-11,3호선,330,교대(법원.검찰청),402405,244993,88797,49872
2023-11,3호선,331,남부터미널(예술의전당),748148,763130,129448,131642
2023-11,3호선,332,양재(서초구청),925127,1024776,158281,158526
2023-11,3호선,333,매봉,287754,279390,73317,68981
2023-11,3호선,334,도곡,122756,124459,25135,23992
2023-11,3호선,335,대치,287431,285953,73032,70247
2023-11,3호선,336,학여울,53908,55127,18997,18654
2023-11,3호선,337,대청,251378,233988,63173,60919
2023-11,3호선,338,일원,254470,242928,74073,73504
2023-11,3호선,339,수서,440983,449904,122945,120461
2023-11,3호선,340,가락시장,188369,187230,84236,83270
2023-11,3호선,341,경찰병원,172295,170076,43729,45252
2023-11,3호선,342,오금,160170,142768,34122,32094
2023-11,4호선,409,당고개,211959,178230,77516,76511
2023-11,4호선,410,상계,452216,417022,128086,125544
2023-11,4호선,411,노원,475172,561550,101018,108734
2023-11,4호선,412,창동,550341,584816,218017,225113
2023-11,4호선,413,쌍문,684672,623490,177797,175977
2023-11,4호선,414,수유(강북구청),818697,814003,199654,199637
2023-11,4호선,415,미아(서울사이버대학),345399,328350,117250,119802
2023-11,4호선,416,미아사거리,609137,594800,190411,189867
2023-11,4호선,417,길음,533294,532325,125285,125715
2023-11,4호선,418,성신여대입구(돈암),570317,546320,92007,89781
2023-11,4호선,419,한성대입구(삼선교),361514,348060,77933,76352
2023-11,4호선,420,혜화,1011308,1017934,145354,144143
2023-11,4호선,421,동대문,438914,461420,154023,149780
2023-11,4호선,422,동대문역사문화공원(DDP),497943,440367,64461,57106
2023-11,4호선,423,충무로,799833,822075,124969,127350
2023-11,4호선,424,명동,970144,1050113,79472,81908
2023-11,4호선,425,회현(남대문시장),608369,640945,197091,195598
2023-11,4호선,426,서울역,329583,604786,43141,57577
2023-11,4호선,427,숙대입구(갈월),410690,395569,57108,53184
2023-11,4호선,428,삼각지,159002,185220,25886,27144
2023-11,4호선,429,신용산,512231,546303,58416,59019
2023-11,4호선,430,이촌(국립중앙박물관),201792,222141,51079,53638
2023-11,4호선,431,동작(현충원),26316,30185,13302,13418
2023-11,4호선,432,총신대입구(이수),408973,450951,153977,161595
2023-11,4호선,433,사당,691791,608046,104828,106272
2023-11,4호선,434,남태령,32426,25106,8771,8099
2023-11,경부선,1001,서울역,282433,89714,18579,4000
2023-11,경부선,1002,남영,263242,279357,38856,39965
2023-11,경부선,1003,용산,1141069,1154005,141348,140299
2023-11,경부선,1004,노량진,228767,239474,51092,49514
2023-11,경부선,1005,대방,253910,285475,60046,62213
2023-11,경부선,1006,영등포,989522,1020072,279903,281213
2023-11,경부선,1007,신도림,89702,92940,25356,30375
2023-11,경부선,1032,신길,216319,180255,47826,44502
2023-11,경부선,1701,구로,426917,443267,104436,100125
2023-11,경부선,1702,가산디지털단지,440545,508643,39694,43257
2023-11,경부선,1703,금천구청,256427,255002,82121,83185
2023-11,경부선,1704,석수,224266,201963,49715,46766
2023-11,경부선,1705,관악,174120,161988,55404,54037
2023-11,경부선,1706,안양,620328,616809,123028,126787
2023-11,경부선,1707,명학,230212,224065,43730,42460
2023-11,경부선,1708,금정,705183,715291,128687,129930
2023-11,경부선,1709,군포,171211,166297,40124,39414
2023-11,경부선,1710,의왕,222567,219386,46640,46426
2023-11,경부선,1711,성균관대,421684,414905,59273,59458
2023-11,경부선,1712,화서,215974,207113,47551,46413
2023-11,경부선,1713,수원,1040705,1103796,153494,155627
2023-11,경부선,1714,독산,442799,453606,71450,72985
2023-11,경부선,1715,세류,85553,77323,16582,16254
2023-11,경부선,1716,병점,424138,424405,69562,69370
2023-11,경부선,1717,세마,79884,75603,16491,15770
2023-11,경부선,1718,오산대,103393,94134,18965,18009
2023-11,경부선,1719,오산,273879,275143,50028,51029
2023-11,경부선,1720,진위,42453,38086,9569,9138
2023-11,경부선,1721,송탄,119797,118715,22061,21720
2023-11,경부선,1722,서정리,236208,217254,36094,35063
2023-11,경부선,1723,평택지제,126576,120091,14558,14223
2023-11,경부선,1724,평택,362352,363781,67851,67192
2023-11,경부선,1725,성환,157465,151643,20248,20158
2023-11,경부선,1726,직산,23263,22867,5074,4772
2023-11,경부선,1727,두정,221772,239509,27456,27957
2023-11,경부선,1728,천안,183578,165836,54977,54703
2023-11,경부선,1729,당정,158201,150574,33268,31555
2023-11,경부선,1749,서동탄,35951,31358,7560,7157
2023-11,경부선,1750,광명,108230,90791,11661,11261
2023-11,경인선,1801,개봉,484857,467547,163836,170128
2023-11,경인선,1802,오류동,254514,233837,91946,90039
2023-11,경인선,1803,역곡,664545,652513,154737,160267
2023-11,경인선,1804,부천,736396,733720,221633,223654
2023-11,경인선,1805,송내,660192,650809,129150,127342
2023-11,경인선,1806,부평,714579,763873,150240,151911
2023-11,경인선,1807,백운,161867,154660,62436,62539
2023-11,경인선,1808,동암,362162,360968,103962,104866
2023-11,경인선,1809,주안,492169,444606,95562,85443
2023-11,경인선,1810,제물포,254672,242049,66818,65617
2023-11,경인선,1811,동인천,306579,286993,118827,116037
2023-11,경인선,1812,인천,78453,58131,32226,28872
2023-11,경인선,1813,구일,176301,176791,47765,46607
2023-11,경인선,1814,소사,179463,172143,65781,64476
2023-11,경인선,1815,부개,193263,176544,69229,67715
2023-11,경인선,1816,간석,127709,120034,46036,43951
2023-11,경인선,1817,도원,74578,74570,28584,30243
2023-11,경인선,1821,온수(성공회대입구),143266,132182,51443,49918
2023-11,경인선,1822,중동,198540,181695,75413,74050
2023-11,경인선,1823,도화,83115,74331,39959,38773
2023-11,경원선,1008,이촌(국립중앙박물관),88075,67512,32706,27804
2023-11,경원선,1009,서빙고,51594,50045,18972,18486
2023-11,경원선,1010,한남,90423,87269,31457,29568
2023-11,경원선,1011,옥수,1795,1223,163,75
2023-11,경원선,1012,응봉,40170,33396,17841,16162
2023-11,경원선,1013,왕십리(성동구청),433830,439609,76161,78348
2023-11,경원선,1014,청량리(서울시립대입구),381023,394284,150501,156476
2023-11,경원선,1016,외대앞,274533,266170,46845,47323
2023-11,경원선,1017,신이문,183072,165464,68771,67427
2023-11,경원선,1018,석계,173197,194417,61536,66750
2023-11,경원선,1019,광운대,211613,201376,56322,54896
2023-11,경원선,1020,월계,159112,145399,64900,63047
2023-11,경원선,1021,녹천,95592,78077,38217,34784
2023-11,경원선,1022,창동,13,0,1,0
2023-11,경원선,1901,방학,185312,180033,111234,109436
2023-11,경원선,1902,도봉,101725,96002,71234,70421
2023-11,경원선,1903,도봉산,129789,68925,105825,81941
2023-11,경원선,1904,망월사,189328,190633,72017,73145
2023-11,경원선,1905,회룡,231071,226314,153128,150985
2023-11,경원선,1906,의정부,445241,460155,117018,118874
2023-11,경원선,1907,가능,137072,130208,57038,56262
2023-11,경원선,1908,녹양,95615,90156,38966,36969
2023-11,경원선,1909,양주,171096,162182,55167,53996
2023-11,경원선,1910,덕계,118105,103830,31200,29386
2023-11,경원선,1911,덕정,154736,145662,35421,35408
2023-11,경원선,1912,지행,153097,154086,44518,44354
2023-11,경원선,1913,동두천중앙,56249,53824,34343,34701
2023-11,경원선,1914,보산,34749,32174,13409,12483
2023-11,경원선,1915,동두천,50053,51390,22936,27003
2023-11,경원선,1916,소요산,30976,25517,50537,46003
2023-11,안산선,1751,산본,373236,404533,109399,111172
2023-11,안산선,1752,대야미,116737,102660,32526,30513
2023-11,안산선,1753,반월,96453,92978,32207,32259
2023-11,안산선,1754,상록수,400382,402816,72986,73769
2023-11,안산선,1755,한대앞,261008,260253,44411,46017
2023-11,안산선,1756,중앙,499397,526086,67440,66252
2023-11,안산선,1757,고잔,233598,223537,39096,37708
2023-11,안산선,1758,초지,139525,140192,19892,20012
2023-11,안산선,1759,안산,329398,307637,39731,37096
2023-11,안산선,1760,신길온천,49768,44990,10310,10213
2023-11,안산선,1761,정왕,279274,282658,29836,31058
2023-11,안산선,1762,오이도,213149,211707,35083,34970
2023-11,안산선,1763,수리산,89023,70640,32945,31516
2023-11,과천선,1450,선바위,207380,175616,36207,35111
2023-11,과천선,1451,경마공원,95616,96543,70480,69806
2023-11,과천선,1452,대공원,78017,80920,39829,41861
2023-11,과천선,1453,과천,147429,133813,47686,45011
2023-11,과천선,1454,정부과천청사,275028,286998,58623,57906
2023-11,과천선,1455,인덕원,614582,627326,123820,127259
2023-11,과천선,1456,평촌,448321,431447,72188,71823
2023-11,과천선,1457,범계,676357,678391,119697,117276
2023-11,분당선,1023,선릉,323195,505152,49238,65888
2023-11,분당선,1024,한티,400681,425831,74166,75972
2023-11,분당선,1025,도곡,167247,164736,56988,53753
2023-11,분당선,1026,구룡,64465,61395,19927,19704
2023-11,분당선,1027,개포동,109694,111160,36063,37201
2023-11,분당선,1028,대모산입구,140225,129396,39679,39089
2023-11,분당선,1030,수서,372742,384014,76310,79196
2023-11,분당선,1031,복정,29,0,1,0
2023-11,분당선,1846,수원,217902,193539,33971,31003
2023-11,분당선,1847,서울숲,353971,369809,35173,34845
2023-11,분당선,1848,압구정로데오,528552,596056,50347,48209
2023-11,분당선,1849,강남구청,238629,277103,41373,44676
2023-11,분당선,1850,선정릉,188165,197695,34924,34226
2023-11,분당선,1851,가천대,319104,328313,30031,30693
2023-11,분당선,1852,태평,301601,280877,94713,98258
2023-11,분당선,1853,모란,441666,437756,172341,188667
2023-11,분당선,1854,야탑,593051,631841,163484,165076
2023-11,분당선,1855,서현,580556,596761,134104,129511
2023-11,분당선,1856,수내,327042,329072,79408,78019
2023-11,분당선,1857,정자,452549,476081,74715,74214
2023-11,분당선,1858,미금,327736,347656,110929,119019
2023-11,분당선,1859,오리,264154,219850,75708,66488
2023-11,분당선,1860,이매,133887,124832,41977,41706
2023-11,분당선,1861,보정,57876,50150,21712,20749
2023-11,분당선,1862,죽전,356757,390454,76349,79380
2023-11,분당선,1863,구성,108594,114750,38380,38531
2023-11,분당선,1864,신갈,108810,105849,32464,32157
2023-11,분당선,1865,기흥,279254,257944,45709,44374
2023-11,분당선,1866,상갈,131581,125555,33896,33142
2023-11,분당선,1867,청명,115755,111537,22178,22324
2023-11,분당선,1868,영통,242065,243271,34690,34614
2023-11,분당선,1869,망포,413877,395049,43651,41890
2023-11,분당선,1870,매탄권선,140557,134891,24223,23335
2023-11,분당선,1871,수원시청,358121,395511,48211,49881
2023-11,분당선,1872,매교,126743,125289,25895,26117
2023-11,일산선,1948,원흥,273738,257424,65912,63168
2023-11,일산선,1949,지축,15,0,0,0
2023-11,일산선,1950,삼송,476975,450777,98327,99170
2023-11,일산선,1951,원당,249582,232260,82801,82417
2023-11,일산선,1952,화정,387755,399423,122638,125019
2023-11,일산선,1953,대곡,72683,53160,13348,11678
2023-11,일산선,1954,백석,220154,222427,76750,75837
2023-11,일산선,1955,마두,155576,159763,67318,68577
2023-11,일산선,1956,정발산,164300,171572,56279,53542
2023-11,일산선,1957,주엽,190659,189863,92818,96544
2023-11,일산선,1958,대화,317461,240207,84714,77697
2023-11,중앙선,1015,회기,737508,706078,123220,120812
2023-11,중앙선,1201,중랑,114526,109784,49624,48791
2023-11,중앙선,1202,상봉(시외버스터미널),133758,132611,41942,41368
2023-11,중앙선,1203,망우,159000,151518,74704,75723
2023-11,중앙선,1204,양원,68967,66306,22082,21782
2023-11,중앙선,1205,구리,307878,314395,84669,85060
2023-11,중앙선,1206,도농,268842,244235,68142,65983
2023-11,중앙선,1207,양정,11318,9086,6759,5949
2023-11,중앙선,1208,덕소,116795,113900,45573,45813
2023-11,중앙선,1209,도심,52043,39067,19754,17854
2023-11,중앙선,1210,팔당,17713,18319,8191,8002
2023-11,중앙선,1211,운길산,12409,11788,8404,8698
2023-11,중앙선,1212,양수,35138,34839,20939,21163
2023-11,중앙선,1213,신원,2848,2551,3133,2674
2023-11,중앙선,1214,국수,12328,12042,9239,9416
2023-11,중앙선,1215,아신,11371,11411,7735,7569
2023-11,중앙선,1216,오빈,4767,4736,4193,4335
2023-11,중앙선,1217,양평,62963,64996,33242,34280
2023-11,중앙선,1218,원덕,5066,4956,5826,5742
2023-11,중앙선,1219,용문,31670,31972,34955,35091
2023-11,중앙선,1220,지평,855,1102,966,989
2023-11,장항선,1401,봉명,28088,27961,11026,10587
2023-11,장항선,1402,쌍용(나사렛대),70751,67351,15791,15292
2023-11,장항선,1403,아산,126666,109203,14678,13617
2023-11,장항선,1404,탕정,40863,36437,5997,5713
2023-11,장항선,1405,배방,31229,30452,7223,6903
2023-11,장항선,1407,온양온천,92297,94125,58315,59090
2023-11,장항선,1408,신창(순천향대),71073,67684,6704,6312
2023-11,경의선,1252,신촌,25145,31951,4034,5017
2023-11,경의선,1261,효창공원앞,81845,89457,16057,18188
2023-11,경의선,1263,서강대,60309,60399,11542,10989
2023-11,경의선,1265,가좌,135114,126635,45735,45841
2023-11,경의선,1267,수색,81617,82849,18115,18352
2023-11,경의선,1268,화전,81975,76599,9541,9384
2023-11,경의선,1269,강매,78626,66735,19044,17976
2023-11,경의선,1270,행신,209050,207184,36718,37512
2023-11,경의선,1271,능곡,112854,102585,34836,34208
2023-11,경의선,1272,곡산,13817,14414,5628,5738
2023-11,경의선,1273,백마,182181,174808,37845,37364
2023-11,경의선,1274,풍산,141995,133530,39778,38841
2023-11,경의선,1275,일산,253636,244662,70321,70559
2023-11,경의선,1276,탄현,197396,184770,42200,40969
2023-11,경의선,1277,야당,220318,224324,42231,41192
2023-11,경의선,1278,운정,182409,166628,43426,41974
2023-11,경의선,1279,금릉,131691,126302,31757,30909
2023-11,경의선,1280,금촌,155111,150510,46542,47885
2023-11,경의선,1282,월롱,59988,52161,8697,9254
2023-11,경의선,1283,파주,36795,28007,7375,6466
2023-11,경의선,1284,문산,121900,118103,47171,47151
2023-11,경의선,1285,임진강,443,431,267,321
2023-11,경의선,1286,운천,116,32,127,107
2023-11,경의선,1291,서울역,114958,141944,17714,21236
2023-11,경의선,1292,공덕,107717,85382,16365,15327
2023-11,경의선,1293,홍대입구,58034,73184,5566,6401
2023-11,경의선,1294,디지털미디어시티,72653,65675,12953,13113
2023-11,경의선,1295,김포공항,2,0,0,0
2023-11,경의선,1296,계양,6,0,0,0
2023-11,경의선,1297,검암,5,0,1,0
2023-11,경춘선,1311,신내,46955,43712,18511,17967
2023-11,경춘선,1312,갈매,69069,57230,21298,20168
2023-11,경춘선,1313,별내,72059,69118,22524,21110
2023-11,경춘선,1314,퇴계원,78565,70651,29475,27834
2023-11,경춘선,1315,사릉,51989,49942,15373,15525
2023-11,경춘선,1316,금곡,28341,27279,16428,16027
2023-11,경춘선,1317,평내호평,139425,136573,47898,46153
2023-11,경춘선,1318,천마산,29278,25952,18047,18038
2023-11,경춘선,1319,마석,83585,79954,34463,34010
2023-11,경춘선,1320,대성리,15994,16787,6527,6218
2023-11,경춘선,1321,청평,35886,34584,17915,17753
2023-11,경춘선,1322,상천,4262,3816,4649,4428
2023-11,경춘선,1323,가평,46949,46946,15742,15539
2023-11,경춘선,1324,굴봉산,1646,1537,1873,1750
2023-11,경춘선,1325,백양리,1596,1578,1034,1184
2023-11,경춘선,1326,강촌,11259,10902,4373,4348
2023-11,경춘선,1327,김유정,7447,8340,3904,4091
2023-11,경춘선,1328,남춘천,65860,65610,24212,25674
2023-11,경춘선,1329,춘천,39675,35258,15350,12409
2023-11,수인선,1873,고색,137069,129589,19956,18351
2023-11,수인선,1874,오목천,125709,105242,16657,16199
2023-11,수인선,1875,어천,31836,29247,7197,8014
2023-11,수인선,1876,야목,8734,7288,2752,2387
2023-11,수인선,1877,사리,136071,117015,20563,19121
2023-11,수인선,1878,달월,2123,1568,1185,611
2023-11,수인선,1879,월곶,68055,60896,17534,17266
2023-11,수인선,1880,소래포구,104617,98171,65405,63981
2023-11,수인선,1881,인천논현,125460,135753,36905,37403
2023-11,수인선,1882,호구포,94696,97940,23144,22956
2023-11,수인선,1883,남동인더스파크,52957,59556,7115,7222
2023-11,수인선,1884,원인재,99820,103548,34493,34482
2023-11,수인선,1885,연수,111404,109096,32346,32497
2023-11,수인선,1886,송도,52358,46321,23434,22434
2023-11,수인선,1888,인하대,185949,175262,29979,28789
2023-11,수인선,1889,숭의,89377,82422,31490,30020
2023-11,수인선,1890,신포,41065,41969,14078,14230
2023-11,수인선,1891,인천,19291,33992,12106,15481
2023-11,경강선,1501,판교,150248,151129,21762,19009
2023-11,경강선,1502,이매,28646,24232,7410,7079
2023-11,경강선,1503,삼동,59288,53906,14763,15035
2023-11,경강선,1504,경기광주,203668,188262,35407,35218
2023-11,경강선,1505,초월,88641,82350,16790,16173
2023-11,경강선,1506,곤지암,62843,60052,15668,15872
2023-11,경강선,1507,신둔도예촌,38951,35507,8756,8560
2023-11,경강선,1508,이천,72273,77700,14725,15994
2023-11,경강선,1509,부발,62533,59928,10442,10449
2023-11,경강선,1510,세종대왕릉,6832,6914,3853,3985
2023-11,경강선,1511,여주,69897,70727,18668,19286
2023-11,서해선,1980,김포공항,77057,92407,10180,13969
2023-11,서해선,1981,원종,93934,94711,35665,37052
2023-11,서해선,1982,부천종합운동장,65485,51822,7394,5789
2023-11,5호선,2511,방화,149702,142356,55965,55259
2023-11,5호선,2512,개화산,132850,125214,42124,41238
2023-11,5호선,2513,김포공항,237285,187762,42856,40364
2023-11,5호선,2514,송정,138936,130013,50390,48728
2023-11,5호선,2515,마곡,295398,298486,47716,46032
2023-11,5호선,2516,발산,548409,572842,108751,104915
2023-11,5호선,2517,우장산,337570,329437,98329,102256
2023-11,5호선,2518,화곡,692380,641846,153745,146989
2023-11,5호선,2519,까치산,671074,636028,162440,164227
2023-11,5호선,2520,신정(은행정),332956,269919,65444,63746
2023-11,5호선,2521,목동,400770,432126,87051,88197
2023-11,5호선,2522,오목교(목동운동장앞),539932,575913,91819,91013
2023-11,5호선,2523,양평,187055,181861,31411,30873
2023-11,5호선,2524,영등포구청,110938,110170,21647,21362
2023-11,5호선,2525,영등포시장,253808,261375,78692,80492
2023-11,5호선,2526,신길,128037,132331,12584,13056
2023-11,5호선,2527,여의도,793423,827059,58947,55433
2023-11,5호선,2528,여의나루,332207,399989,31139,30645
2023-11,5호선,2529,마포,362330,370560,65849,65575
2023-11,5호선,2530,공덕,371442,392117,50696,48595
2023-11,5호선,2531,애오개,156944,155182,39957,38321
2023-11,5호선,2532,충정로(경기대입구),118292,120869,15115,15634
2023-11,5호선,2533,서대문,519604,528073,74344,70202
2023-11,5호선,2534,광화문(세종문화회관),878063,925805,94891,92197
2023-11,5호선,2535,종로3가,351356,336843,95237,97652
2023-11,5호선,2536,을지로4가,147094,151803,44186,43325
2023-11,5호선,2537,동대문역사문화공원(DDP),80504,92866,8545,9656
2023-11,5호선,2538,청구,90313,86053,25276,20765
2023-11,5호선,2539,신금호,150743,157559,40498,45449
2023-11,5호선,2540,행당,188358,165917,53852,48905
2023-11,5호선,2541,왕십리(성동구청),109878,128864,26522,26042
2023-11,5호선,2542,마장,133636,125013,43150,42412
2023-11,5호선,2543,답십리,384432,345324,86827,83667
2023-11,5호선,2544,장한평,457889,449504,98946,100785
2023-11,5호선,2545,군자(능동),305343,338904,43188,45628
2023-11,5호선,2546,아차산(어린이대공원후문),340538,329206,100201,98423
2023-11,5호선,2547,광나루(장신대),350382,326705,75670,72996
2023-11,5호선,2548,천호(풍납토성),432002,421016,142806,145665
2023-11,5호선,2549,강동,427507,418173,108807,106127
2023-11,5호선,2550,길동,160401,165904,77142,78983
2023-11,5호선,2551,굽은다리(강동구민회관앞),204513,196495,79061,74442
2023-11,5호선,2552,명일,192294,195576,74893,77329
2023-11,5호선,2553,고덕,228263,223192,80288,78903
2023-11,5호선,2554,상일동,329321,310926,95511,93383
2023-11,5호선,2555,둔촌동,193743,193649,68574,69224
2023-11,5호선,2556,올림픽공원(한국체대),127201,113021,41087,37909
2023-11,5호선,2557,방이,169380,175064,51863,51929
2023-11,5호선,2558,오금,86560,87460,23256,22462
2023-11,5호선,2559,개롱,142418,147526,52761,54074
2023-11,5호선,2560,거여,232455,226109,68273,66252
2023-11,5호선,2561,마천,165427,146848,59912,60921
2023-11,5호선,2562,강일,124676,113094,44444,42949
2023-11,5호선,2563,미사,427603,433677,87202,86488
2023-11,5호선,2564,하남풍산,99717,99526,32340,32049
2023-11,5호선,2565,하남시청(덕풍·신장),162182,152824,75539,75647
2023-11,5호선,2566,하남검단산,143093,134268,52772,52331
2023-11,6호선,2611,응암,400213,394509,123314,123228
2023-11,6호선,2612,역촌,79344,102315,34365,34059
2023-11,6호선,2613,불광,96702,98819,42034,34446
2023-11,6호선,2614,독바위,61135,61460,20648,25474
2023-11,6호선,2615,연신내,11,0,2,0
2023-11,6호선,2616,구산,181522,120424,54675,57078
2023-11,6호선,2617,새절(신사),293621,266741,91503,91479
2023-11,6호선,2618,증산(명지대앞),222216,221321,74652,75210
2023-11,6호선,2619,디지털미디어시티,371769,406139,62772,63425
2023-11,6호선,2620,월드컵경기장(성산),136448,179160,58166,57915
2023-11,6호선,2621,마포구청,351812,312485,84571,77345
2023-11,6호선,2622,망원,362355,385266,83079,86814
2023-11,6호선,2623,합정,373519,373390,42744,39708
2023-11,6호선,2624,상수,290569,332780,23307,23253
2023-11,6호선,2625,광흥창(서강),220625,211406,55299,54592
2023-11,6호선,2626,대흥(서강대앞),238705,249080,49272,48911
2023-11,6호선,2627,공덕,477457,464570,81663,76440
2023-11,6호선,2628,효창공원앞,188285,173910,39620,36346
2023-11,6호선,2629,삼각지,208743,184102,21127,17965
2023-11,6호선,2630,녹사평(용산구청),138551,140626,19767,19395
2023-11,6호선,2631,이태원,331196,355215,32680,33151
2023-11,6호선,2632,한강진,274633,322413,18019,17829
2023-11,6호선,2633,버티고개,51452,49007,14833,16966
2023-11,6호선,2634,약수,92478,89255,23758,22923
2023-11,6호선,2635,청구,92672,90504,20375,22850
2023-11,6호선,2636,신당,220770,227283,39635,39034
2023-11,6호선,2637,동묘앞,181386,189899,69307,64226
2023-11,6호선,2638,창신,87171,72818,20044,19408
2023-11,6호선,2639,보문,205818,190641,33170,31753
2023-11,6호선,2640,안암(고대병원앞),382918,382450,40213,39730
2023-11,6호선,2641,고려대(종암),247625,240520,37364,36372
2023-11,6호선,2642,월곡(동덕여대),303320,291313,71369,70812
2023-11,6호선,2643,상월곡(한국과학기술연구원),160579,148292,43002,41593
2023-11,6호선,2644,돌곶이,240162,215685,65634,64649
2023-11,6호선,2645,석계,292440,307643,81188,80229
2023-11,6호선,2646,태릉입구,139421,160942,35228,36320
2023-11,6호선,2647,화랑대(서울여대입구),326563,248186,50726,45379
2023-11,6호선,2648,봉화산(서울의료원),212090,196349,51545,51143
2023-11,6호선,2649,신내,7,0,0,0
2023-11,7호선,2711,장암,65477,25843,11449,8279
2023-11,7호선,2712,도봉산,227261,255445,50494,70846
2023-11,7호선,2713,수락산,272751,264485,99658,101562
2023-11,7호선,2714,마들,295843,272342,93360,90880
2023-11,7호선,2715,노원,464756,485452,136121,128853
2023-11,7호선,2716,중계,344048,312903,100447,96960
2023-11,7호선,2717,하계,435655,406181,118061,113713
2023-11,7호선,2718,공릉(서울과학기술대),300348,293087,75129,76043
2023-11,7호선,2719,태릉입구,230886,219176,46541,41856
2023-11,7호선,2720,먹골,234957,228373,68632,70886
2023-11,7호선,2721,중화,249523,242836,67217,67304
2023-11,7호선,2722,상봉(시외버스터미널),431497,411564,76655,72805
2023-11,7호선,2723,면목,362946,345684,97627,101478
2023-11,7호선,2724,사가정,375599,374982,105769,106611
2023-11,7호선,2725,용마산(용마폭포공원),138655,132763,35557,38574
2023-11,7호선,2726,중곡,260970,239376,65694,66469
2023-11,7호선,2727,군자(능동),365592,279740,84321,72469
2023-11,7호선,2728,어린이대공원(세종대),464183,472330,43969,43970
2023-11,7호선,2729,건대입구,357036,375769,63272,57905
2023-11,7호선,2730,뚝섬유원지,192472,185701,44846,44333
2023-11,7호선,2731,청담,475291,534580,80654,77885
2023-11,7호선,2732,강남구청,421031,471407,55355,56473
2023-11,7호선,2733,학동,611377,647406,66212,63223
2023-11,7호선,2734,논현,463876,481986,46781,45309
2023-11,7호선,2735,반포,149554,146000,38362,36575
2023-11,7호선,2736,고속터미널,461370,363719,81982,72435
2023-11,7호선,2737,내방,348228,356071,78344,75643
2023-11,7호선,2738,이수,392569,381686,83103,78643
2023-11,7호선,2739,남성,267180,247894,77221,76440
2023-11,7호선,2740,숭실대입구(살피재),388752,384837,67945,70041
2023-11,7호선,2741,상도,311229,305759,65274,62525
2023-11,7호선,2742,장승배기,204571,196086,69532,70651
2023-11,7호선,2743,신대방삼거리,350672,328379,92524,95155
2023-11,7호선,2744,보라매,172921,176632,32148,33377
2023-11,7호선,2745,신풍,258655,239429,74215,72676
2023-11,7호선,2746,대림(구로구청),227713,229774,43963,43199
2023-11,7호선,2747,남구로,371422,389929,63853,64057
2023-11,7호선,2748,가산디지털단지,1124211,1129561,99811,94569
2023-11,7호선,2749,철산,525226,534225,105336,104654
2023-11,7호선,2750,광명사거리,450150,435769,153479,158840
2023-11,7호선,2751,천왕,278106,262293,61514,61727
2023-11,7호선,2752,온수(성공회대입구),257893,240910,43248,40284
2023-11,7호선,2757,부천시청,1,0,0,0
2023-11,8호선,2811,암사,436649,378394,108559,106449
2023-11,8호선,2812,천호(풍납토성),358166,426912,88996,86322
2023-11,8호선,2813,강동구청,238299,246080,69631,70124
2023-11,8호선,2814,몽촌토성(평화의문),163972,165752,36933,35925
2023-11,8호선,2815,잠실(송파구청),408945,489666,78936,77347
2023-11,8호선,2816,석촌,179856,214120,54910,58790
2023-11,8호선,2817,송파,210450,205569,66991,66648
2023-11,8호선,2818,가락시장,169166,193572,69863,70811
2023-11,8호선,2819,문정,543152,565979,64215,64122
2023-11,8호선,2820,장지,423252,386406,89320,84446
2023-11,8호선,2821,복정,242731,202343,42016,37460
2023-11,8호선,2822,산성,133806,132912,33483,35860
2023-11,8호선,2823,남한산성입구(성남법원.검찰청),343088,310739,78394,74631
2023-11,8호선,2824,단대오거리,283457,270790,75504,73778
2023-11,8호선,2825,신흥,109187,114332,40816,43582
2023-11,8호선,2826,수진,115363,104361,46437,45461
2023-11,8호선,2827,모란,88582,71353,55811,42867
2023-11,8호선,2828,남위례,173346,176555,33938,33002
2023-11,9호선,4101,개화,69534,45624,13518,10579
2023-11,9호선,4102,김포공항,201225,293368,20059,25749
2023-11,9호선,4103,공항시장,64262,68595,24378,26507
2023-11,9호선,4104,신방화,157563,153733,48629,49043
2023-11,9호선,4105,마곡나루(서울식물원),357434,352097,36356,35078
2023-11,9호선,4106,양천향교,246124,249820,48947,48274
2023-11,9호선,4107,가양,522951,507353,140497,137987
2023-11,9호선,4108,증미,188654,178908,37694,37668
2023-11,9호선,4109,등촌,263204,248203,86865,87204
2023-11,9호선,4110,염창,451885,431326,79788,78400
2023-11,9호선,4111,신목동,103309,88765,25427,24079
2023-11,9호선,4112,선유도,225398,210936,31110,30515
2023-11,9호선,4113,당산,500523,503785,72708,67725
2023-11,9호선,4114,국회의사당,426041,443109,64025,58096
2023-11,9호선,4115,여의도,822800,776117,55087,50999
2023-11,9호선,4116,샛강,154967,154542,31636,30684
2023-11,9호선,4117,노량진,697996,683853,94245,93742
2023-11,9호선,4118,노들,107607,85304,34016,31185
2023-11,9호선,4119,흑석(중앙대입구),246314,248239,59637,60051
2023-11,9호선,4120,동작(현충원),41458,34710,12822,11337
2023-11,9호선,4121,구반포,22368,22925,9425,9526
2023-11,9호선,4122,신반포,92961,89996,29477,29592
2023-11,9호선,4123,고속터미널,391481,558234,70646,84310
2023-11,9호선,4124,사평,93537,89302,25004,25091
2023-11,9호선,4125,신논현,862992,849915,56641,55026
2023-11,공항철도 1호선,4201,서울역,380827,338601,36688,33441
2023-11,공항철도 1호선,4202,공덕,73826,103005,8997,10956
2023-11,공항철도 1호선,4203,홍대입구,409669,407642,19751,18089
2023-11,공항철도 1호선,4204,디지털미디어시티,389367,363371,30893,28749
2023-11,공항철도 1호선,4206,마곡나루(서울식물원),295796,283261,17043,17405
2023-11,공항철도 1호선,4207,김포공항,290747,156289,25338,15432
2023-11,공항철도 1호선,4208,계양,355633,333912,37099,34873
2023-11,공항철도 1호선,4209,검암,180192,185113,18208,18587
2023-11,공항철도 1호선,4210,청라국제도시,200291,189958,15216,15087
2023-11,공항철도 1호선,4211,운서,237342,249703,30523,30855
2023-11,공항철도 1호선,4212,공항화물청사,52374,55541,10210,9541
2023-11,공항철도 1호선,4213,인천공항1터미널,359532,344016,34915,31065
2023-11,공항철도 1호선,4215,인천공항2터미널,180138,156398,16647,14390
2023-11,공항철도 1호선,4217,영종,96871,98554,21587,21456
2023-11,9호선2~3단계,4126,언주,304499,308353,33648,33384
2023-11,9호선2~3단계,4127,선정릉,259629,282235,30321,31118
2023-11,9호선2~3단계,4128,삼성중앙,191414,198985,28735,28267
2023-11,9호선2~3단계,4129,봉은사,593215,620089,58040,55666
2023-11,9호선2~3단계,4130,종합운동장,127533,127308,24196,22200
2023-11,9호선2~3단계,4131,삼전,185344,172483,40700,39946
2023-11,9호선2~3단계,4132,석촌고분,167126,162158,42315,42519
2023-11,9호선2~3단계,4133,석촌,235426,210896,43110,38275
2023-11,9호선2~3단계,4134,송파나루,132974,141621,29926,31307
2023-11,9호선2~3단계,4135,한성백제,70990,63162,18750,16820
2023-11,9호선2~3단계,4136,올림픽공원(한국체대),238521,255880,36007,36087
2023-11,9호선2~3단계,4137,둔촌오륜,27539,25263,7582,8085
2023-11,9호선2~3단계,4138,중앙보훈병원,262235,223427,83490,81212
2023-11,우이신설선,4701,북한산우이,63592,55093,35854,37495
2023-11,우이신설선,4702,솔밭공원,49133,43190,30563,31625
2023-11,우이신설선,4703,4.19민주묘지,78629,77086,36601,32637
2023-11,우이신설선,4704,가오리,76179,73696,53440,55057
2023-11,우이신설선,4705,화계,60530,54507,46375,47131
2023-11,우이신설선,4706,삼양,32331,32500,28138,31034
2023-11,우이신설선,4707,삼양사거리,38999,39497,37639,37565
2023-11,우이신설선,4708,솔샘,136371,123837,42197,44012
2023-11,우이신설선,4709,북한산보국문,153854,143359,46514,46012
2023-11,우이신설선,4710,정릉,100886,89775,49443,46423
2023-11,우이신설선,4711,성신여대입구(돈암),76900,90351,31000,30462
2023-11,우이신설선,4712,보문,32835,33079,16254,15740
2023-11,우이신설선,4713,신설동,37126,36993,34416,29198
2023-11,신림선,4401,샛강,64150,77756,15255,14521
2023-11,신림선,4402,대방,69133,51207,17595,14637
2023-11,신림선,4403,서울지방병무청,63729,68443,23821,26149
2023-11,신림선,4404,보라매,91158,84553,23205,20627
2023-11,신림선,4405,보라매공원,44496,48475,16196,17611
2023-11,신림선,4406,보라매병원,153221,160648,52989,51974
2023-11,신림선,4407,당곡,97670,94152,36477,36516
2023-11,신림선,4408,신림,35127,51633,15737,18935
2023-11,신림선,4409,서원,77894,65471,24415,23875
2023-11,신림선,4410,서울대벤처타운,217023,193997,65142,64578
2023-11,신림선,4411,관악산(서울대),58912,63597,29703,30296